Index,alpha1,alpha2,result,how,sutraNum,sutraEnglish,scVasu
1,अ,अ,आ,सवर्णदीर्घ,6.1.101,"""In this अधिकार the doubling happens for the first एकाच् entity of the verb"",","""In the room of the first portion, containing a single vowel, there are two."","
2,अ,आ,आ,सवर्णदीर्घ,6.1.101,"""In this अधिकार the doubling happens for the first एकाच् entity of the verb"",","""In the room of the first portion, containing a single vowel, there are two."","
3,अ,इ,ए,गुण,6.1.87,"""The गुण is the single substitute of the final अ or आ of a preceding word and the simple vowel of the succeeding (अ or आ + a vowel = गुण)।"",","""The सिच् Aorist, the first syllable may optionally have the acute accent."","
4,अ,ई,ए,गुण,6.1.87,"""The गुण is the single substitute of the final अ or आ of a preceding word and the simple vowel of the succeeding (अ or आ + a vowel = गुण)।"",","""The सिच् Aorist, the first syllable may optionally have the acute accent."","
5,अ,उ,ओ,गुण,6.1.87,"""The गुण is the single substitute of the final अ or आ of a preceding word and the simple vowel of the succeeding (अ or आ + a vowel = गुण)।""","""The सिच् Aorist, the first syllable may optionally have the acute accent."","
6,अ,ऊ,ओ,गुण,6.1.87,"""The गुण is the single substitute of the final अ or आ of a preceding word and the simple vowel of the succeeding (अ or आ + a vowel = गुण)।""","""The सिच् Aorist, the first syllable may optionally have the acute accent."","
7,अ,ऋ,अर्,गुण,6.1.87,"""The गुण is the single substitute of the final अ or आ of a preceding word and the simple vowel of the succeeding (अ or आ + a vowel = गुण)।""","""The सिच् Aorist, the first syllable may optionally have the acute accent."","
8,अ,ऋ,अ ऋ,प्रकृतिभाव,6.1.128,,"""According to the opinion of शाकल्य , the simple vowel followed by ऋ retains its original form, and if the vowel is long, it is shortened."",
    "
9,अ,़,अर्,गुण,6.1.87,"""The गुण is the single substitute of the final अ or आ of a preceding word and the simple vowel of the succeeding (अ or आ + a vowel = गुण)।""","""The गुण is the single substitute of the final अ or आ of a preceding word and the simple vowel of the succeeding (अ or आ + a vowel = गुण)।"",
    "
10,अ,ऌ,अल्,गुण,6.1.87,"""The गुण is the single substitute of the final अ or आ of a preceding word and the simple vowel of the succeeding (अ or आ + a vowel = गुण)।""","""The गुण is the single substitute of the final अ or आ of a preceding word and the simple vowel of the succeeding (अ or आ + a vowel = गुण)।"",
    "
11,अ,ऌ,अ ऌ,प्रकृतिभाव,6.1.128,,"""According to the opinion of शाकल्य , the simple vowel followed by ऋ retains its original form, and if the vowel is long, it is shortened."",
    "
12,अ,ए,ऐ,वृद्धि,6.1.88,"""When an अवर्ण is followed by an एच् letter in the context of संहिता, both of them are replaced by a single वृद्धि letter. ","""The acute accent is optionally on the first syllable when a Personal-ending, being सार्वधातुक tense affix beginning with a vowel, provided that the vowel is not the augment इट् , follows after स्वप् etc., or after हिंस्।"",
   "
13,अ,ऐ,ऐ,वृद्धि,6.1.88,"""When an अवर्ण is followed by an एच् letter in the context of संहिता, both of them are replaced by a single वृद्धि letter. ","""The acute accent is optionally on the first syllable when a Personal-ending, being सार्वधातुक tense affix beginning with a vowel, provided that the vowel is not the augment इट् , follows after स्वप् etc., or after हिंस्।"",
    "
14,अ,ओ,औ,वृद्धि,6.1.88,"""When an अवर्ण is followed by an एच् letter in the context of संहिता, both of them are replaced by a single वृद्धि letter. ","""The acute accent is optionally on the first syllable when a Personal-ending, being सार्वधातुक tense affix beginning with a vowel, provided that the vowel is not the augment इट् , follows after स्वप् etc., or after हिंस्।"",
    "
15,अ,औ,औ,वृद्धि,6.1.88,"""When an अवर्ण is followed by an एच् letter in the context of संहिता, both of them are replaced by a single वृद्धि letter. ","""The acute accent is optionally on the first syllable when a Personal-ending, being सार्वधातुक tense affix beginning with a vowel, provided that the vowel is not the augment इट् , follows after स्वप् etc., or after हिंस्।"",
    "
16,अ,क्,अक्,वर्णमेलन,,,
17,अ,ख्,अख्,वर्णमेलन,,,
18,अ,ग्,अग्,वर्णमेलन,,,
19,अ,घ्,अघ्,वर्णमेलन,,,
20,अ,ङ्,अङ्,वर्णमेलन,,,
21,अ,च्,अच्,वर्णमेलन,,,
22,अ,छ्,अच्छ्,तुगागम -> जश्त्व-> श्चुत्व-> चर्त्व,6.1.73; 8.2.39; 8.4.40; 8.4.55,,
23,अ,ज्,अज्,वर्णमेलन,,,
24,अ,झ्,अझ्,वर्णमेलन,,,
25,अ,ञ्,अञ्,वर्णमेलन,,,
26,अ,ट्,अट्,वर्णमेलन,,,
27,अ,ठ्,अठ्,वर्णमेलन,,,
28,अ,ड्,अड्,वर्णमेलन,,,
29,अ,ढ्,अढ्,वर्णमेलन,,,
30,अ,ण्,अण्,वर्णमेलन,,,
31,अ,त्,अत्,वर्णमेलन,,,
32,अ,थ्,अथ्,वर्णमेलन,,,
33,अ,द्,अद्,वर्णमेलन,,,
34,अ,ध्,अध्,वर्णमेलन,,,
35,अ,न्,अन्,वर्णमेलन,,,
36,अ,प्,अप्,वर्णमेलन,,,
37,अ,फ्,अफ्,वर्णमेलन,,,
38,अ,ब्,अब्,वर्णमेलन,,,
39,अ,भ्,अभ्,वर्णमेलन,,,
40,अ,म्,अम्,वर्णमेलन,,,
41,अ,य्,अय्,वर्णमेलन,,,
42,अ,र्,अर्,वर्णमेलन,,,
43,अ,ल्,अल्,वर्णमेलन,,,
44,अ,व्,अव्,वर्णमेलन,,,
45,अ,श्,अश्,वर्णमेलन,,,
46,अ,ष्,अष्,वर्णमेलन,,,
47,अ,स्,अस्,वर्णमेलन,,,
48,अ,ह्,अह्,वर्णमेलन,,,
49,आ,अ,आ,सवर्णदीर्घ,6.1.101,"""In this अधिकार the doubling happens for the first एकाच् entity of the verb"",","""In the room of the first portion, containing a single vowel, there are two."","
50,आ,आ,आ,सवर्णदीर्घ,6.1.101,"""In this अधिकार the doubling happens for the first एकाच् entity of the verb"",","""In the room of the first portion, containing a single vowel, there are two."","
51,आ,इ,ए,गुण,6.1.87,"""The गुण is the single substitute of the final अ or आ of a preceding word and the simple vowel of the succeeding (अ or आ + a vowel = गुण)।""","""The गुण is the single substitute of the final अ or आ of a preceding word and the simple vowel of the succeeding (अ or आ + a vowel = गुण)।"",
    "
52,आ,ई,ए,गुण,6.1.87,"""The गुण is the single substitute of the final अ or आ of a preceding word and the simple vowel of the succeeding (अ or आ + a vowel = गुण)।""","""The गुण is the single substitute of the final अ or आ of a preceding word and the simple vowel of the succeeding (अ or आ + a vowel = गुण)।"",
    "
53,आ,उ,ओ,गुण,6.1.87,"""The गुण is the single substitute of the final अ or आ of a preceding word and the simple vowel of the succeeding (अ or आ + a vowel = गुण)।""","""The गुण is the single substitute of the final अ or आ of a preceding word and the simple vowel of the succeeding (अ or आ + a vowel = गुण)।"",
    "
54,आ,ऊ,ओ,गुण,6.1.87,"""The गुण is the single substitute of the final अ or आ of a preceding word and the simple vowel of the succeeding (अ or आ + a vowel = गुण)।""","""The गुण is the single substitute of the final अ or आ of a preceding word and the simple vowel of the succeeding (अ or आ + a vowel = गुण)।"",
    "
55,आ,ऋ,अर्,गुण,6.1.87,"""The गुण is the single substitute of the final अ or आ of a preceding word and the simple vowel of the succeeding (अ or आ + a vowel = गुण)।""","""The गुण is the single substitute of the final अ or आ of a preceding word and the simple vowel of the succeeding (अ or आ + a vowel = गुण)।"",
    "
56,आ,ऋ,अ ऋ,प्रकृतिभाव,6.1.128,,"""According to the opinion of शाकल्य , the simple vowel followed by ऋ retains its original form, and if the vowel is long, it is shortened."","
57,आ,़,अर्,गुण,6.1.87,"""The गुण is the single substitute of the final अ or आ of a preceding word and the simple vowel of the succeeding (अ or आ + a vowel = गुण)।""","""The गुण is the single substitute of the final अ or आ of a preceding word and the simple vowel of the succeeding (अ or आ + a vowel = गुण)।"",
    "
58,आ,ऌ,अल्,गुण,6.1.87,"""The गुण is the single substitute of the final अ or आ of a preceding word and the simple vowel of the succeeding (अ or आ + a vowel = गुण)।""","""The गुण is the single substitute of the final अ or आ of a preceding word and the simple vowel of the succeeding (अ or आ + a vowel = गुण)।"",
   "
59,आ,ऌ,आ ऌ,प्रकृतिभाव,6.1.128,,"""According to the opinion of शाकल्य , the simple vowel followed by ऋ retains its original form, and if the vowel is long, it is shortened."","
60,आ,ए,ऐ,वृद्धि,6.1.88,"When an अवर्ण is followed by an एच् letter in the context of संहिता, both of them are replaced by a single वृद्धि letter. ,","""The वृद्धि is the single substitute of अ or आ of a preceding word and the initial diphthong of the succeeding (अ or आ + diphthong = वृद्धि)।"",
    "
61,आ,ऐ,ऐ,वृद्धि,6.1.88,"When an अवर्ण is followed by an एच् letter in the context of संहिता, both of them are replaced by a single वृद्धि letter. ,","The वृद्धि is the single substitute of अ or आ of a preceding word and the initial diphthong of the succeeding (अ or आ + diphthong = वृद्धि)।,"
62,आ,ओ,औ,वृद्धि,6.1.88,"When an अवर्ण is followed by an एच् letter in the context of संहिता, both of them are replaced by a single वृद्धि letter. ,","""The वृद्धि is the single substitute of अ or आ of a preceding word and the initial diphthong of the succeeding (अ or आ + diphthong = वृद्धि)।"",
    "
63,आ,औ,औ,वृद्धि,6.1.88,"""When an अवर्ण is followed by an एच् letter in the context of संहिता, both of them are replaced by a single वृद्धि letter. "",
    ","The वृद्धि is the single substitute of अ or आ of a preceding word and the initial diphthong of the succeeding (अ or आ + diphthong = वृद्धि)।,"
64,आ,क्,आक्,वर्णमेलन,,,
65,आ,ख्,आख्,वर्णमेलन,,,
66,आ,ग्,आग्,वर्णमेलन,,,
67,आ,घ्,आघ्,वर्णमेलन,,,
68,आ,ङ्,आङ्,वर्णमेलन,,,
69,आ,च्,आच्,वर्णमेलन,,,
70,आ,छ्,आछ्,पक्षे तुगभावः,,,
71,आ,छ्,आच्छ्,तुगागम -> श्चुत्व,6.1.76; 8.4.40,"""61076"": ""A दीर्घ स्वर at end of a पद gets optional तुक्-आगमः when followed by a छकार,  in the context of संहिता. "",  ""84040"": ""In the context of संहिता, A सकार and a तवर्ग letter are converted (respectively) to a  शकार and चवर्ग letter when associated with a शकार or a चवर्ग letter."",
    ""84041"": ",
72,आ,ज्,आज्,वर्णमेलन,,,
73,आ,झ्,आझ्,वर्णमेलन,,,
74,आ,ञ्,आञ्,वर्णमेलन,,,
75,आ,ट्,आट्,वर्णमेलन,,,
76,आ,ठ्,आठ्,वर्णमेलन,,,
77,आ,ड्,आड्,वर्णमेलन,,,
78,आ,ढ्,आढ्,वर्णमेलन,,,
79,आ,ण्,आण्,वर्णमेलन,,,
80,आ,त्,आत्,वर्णमेलन,,,
81,आ,थ्,आथ्,वर्णमेलन,,,
82,आ,द्,आद्,वर्णमेलन,,,
83,आ,ध्,आध्,वर्णमेलन,,,
84,आ,न्,आन्,वर्णमेलन,,,
85,आ,प्,आप्,वर्णमेलन,,,
86,आ,फ्,आफ्,वर्णमेलन,,,
87,आ,ब्,आब्,वर्णमेलन,,,
88,आ,भ्,आभ्,वर्णमेलन,,,
89,आ,म्,आम्,वर्णमेलन,,,
90,आ,य्,आय्,वर्णमेलन,,,
91,आ,र्,आर्,वर्णमेलन,,,
92,आ,ल्,आल्,वर्णमेलन,,,
93,आ,व्,आव्,वर्णमेलन,,,
94,आ,श्,आश्,वर्णमेलन,,,
95,आ,ष्,आष्,वर्णमेलन,,,
96,आ,स्,आस्,वर्णमेलन,,,
97,आ,ह्,आह्,वर्णमेलन,,,
98,इ,अ,य,यण्,6.1.77,"""An इक् letter which is followed by a स्वर is converted to a corresponding यण् letter in the context of संहिता. "",","""The semi-vowels य् व् र् ल् are the substitutes of the corresponding vowels इ उ ऋ and ऌ (long and short), when followed by a vowel."","
99,इ,आ,या,यण्,6.1.77,"""An इक् letter which is followed by a स्वर is converted to a corresponding यण् letter in the context of संहिता. "",","""The semi-vowels य् व् र् ल् are the substitutes of the corresponding vowels इ उ ऋ and ऌ (long and short), when followed by a vowel."","
100,इ,इ,ई,सवर्णदीर्घ,6.1.101,"""In this अधिकार the doubling happens for the first एकाच् entity of the verb"",","""In the room of the first portion, containing a single vowel, there are two."","
101,इ,ई,ई,सवर्णदीर्घ,6.1.101,"""In this अधिकार the doubling happens for the first एकाच् entity of the verb"",","""In the room of the first portion, containing a single vowel, there are two."","
102,इ,उ,यु,यण्,6.1.77,"""An इक् letter which is followed by a स्वर is converted to a corresponding यण् letter in the context of संहिता. "",","""The semi-vowels य् व् र् ल् are the substitutes of the corresponding vowels इ उ ऋ and ऌ (long and short), when followed by a vowel."","
103,इ,ऊ,यू,यण्,6.1.77,"""An इक् letter which is followed by a स्वर is converted to a corresponding यण् letter in the context of संहिता. "",","""The semi-vowels य् व् र् ल् are the substitutes of the corresponding vowels इ उ ऋ and ऌ (long and short), when followed by a vowel."","
104,इ,ऋ,यृ,यण्,6.1.77,"""An इक् letter which is followed by a स्वर is converted to a corresponding यण् letter in the context of संहिता. "",","""The semi-vowels य् व् र् ल् are the substitutes of the corresponding vowels इ उ ऋ and ऌ (long and short), when followed by a vowel."","
105,इ,ऋ,इ ऋ,प्रकृतिभाव,6.1.128,,"""According to the opinion of शाकल्य , the simple vowel followed by ऋ retains its original form, and if the vowel is long, it is shortened."","
106,इ,़,य़्,यण्,6.1.77,"""An इक् letter which is followed by a स्वर is converted to a corresponding यण् letter in the context of संहिता. "",","""The semi-vowels य् व् र् ल् are the substitutes of the corresponding vowels इ उ ऋ and ऌ (long and short), when followed by a vowel."","
107,इ,ऌ,यॢ,यण्,6.1.77,"""An इक् letter which is followed by a स्वर is converted to a corresponding यण् letter in the context of संहिता. "",","""The semi-vowels य् व् र् ल् are the substitutes of the corresponding vowels इ उ ऋ and ऌ (long and short), when followed by a vowel."","
108,इ,ऌ,इ ऌ,प्रकृतिभाव,6.1.128,,"""According to the opinion of शाकल्य , the simple vowel followed by ऋ retains its original form, and if the vowel is long, it is shortened."","
109,इ,ए,ये,यण्,6.1.77,"""An इक् letter which is followed by a स्वर is converted to a corresponding यण् letter in the context of संहिता. "",","""The semi-vowels य् व् र् ल् are the substitutes of the corresponding vowels इ उ ऋ and ऌ (long and short), when followed by a vowel."","
110,इ,ऐ,यै,यण्,6.1.77,"""An इक् letter which is followed by a स्वर is converted to a corresponding यण् letter in the context of संहिता. "",","""The semi-vowels य् व् र् ल् are the substitutes of the corresponding vowels इ उ ऋ and ऌ (long and short), when followed by a vowel."","
111,इ,ओ,यो,यण्,6.1.77,"""An इक् letter which is followed by a स्वर is converted to a corresponding यण् letter in the context of संहिता. "",","""The semi-vowels य् व् र् ल् are the substitutes of the corresponding vowels इ उ ऋ and ऌ (long and short), when followed by a vowel."","
112,इ,औ,यौ,यण्,6.1.77,"""An इक् letter which is followed by a स्वर is converted to a corresponding यण् letter in the context of संहिता. "",","""The semi-vowels य् व् र् ल् are the substitutes of the corresponding vowels इ उ ऋ and ऌ (long and short), when followed by a vowel."","
113,इ,क्,इक्,वर्णमेलन,,,
114,इ,ख्,इख्,वर्णमेलन,,,
115,इ,ग्,इग्,वर्णमेलन,,,
116,इ,घ्,इघ्,वर्णमेलन,,,
117,इ,ङ्,इङ्,वर्णमेलन,,,
118,इ,च्,इच्,वर्णमेलन,,,
119,इ,छ्,इच्छ्,तुगागम -> जश्त्व-> श्चुत्व-> चर्त्व,6.1.73; 8.2.39; 8.4.40; 8.4.55,,
120,इ,ज्,इज्,वर्णमेलन,,,
121,इ,झ्,इझ्,वर्णमेलन,,,
122,इ,ञ्,इञ्,वर्णमेलन,,,
123,इ,ट्,इट्,वर्णमेलन,,,
124,इ,ठ्,इठ्,वर्णमेलन,,,
125,इ,ड्,इड्,वर्णमेलन,,,
126,इ,ढ्,इढ्,वर्णमेलन,,,
127,इ,ण्,इण्,वर्णमेलन,,,
128,इ,त्,इत्,वर्णमेलन,,,
129,इ,थ्,इथ्,वर्णमेलन,,,
130,इ,द्,इद्,वर्णमेलन,,,
131,इ,ध्,इध्,वर्णमेलन,,,
132,इ,न्,इन्,वर्णमेलन,,,
133,इ,प्,इप्,वर्णमेलन,,,
134,इ,फ्,इफ्,वर्णमेलन,,,
135,इ,ब्,इब्,वर्णमेलन,,,
136,इ,भ्,इभ्,वर्णमेलन,,,
137,इ,म्,इम्,वर्णमेलन,,,
138,इ,य्,इय्,वर्णमेलन,,,
139,इ,र्,इर्,वर्णमेलन,,,
140,इ,ल्,इल्,वर्णमेलन,,,
141,इ,व्,इव्,वर्णमेलन,,,
142,इ,श्,इश्,वर्णमेलन,,,
143,इ,ष्,इष्,वर्णमेलन,,,
144,इ,स्,इस्,वर्णमेलन,,,
145,इ,ह्,इह्,वर्णमेलन,,,
146,ई,अ,य,यण्,6.1.77,"""An इक् letter which is followed by a स्वर is converted to a corresponding यण् letter in the context of संहिता. "",
    ","""After an oxytoned stem which ends in a light vowel, the genitive ending नाम् has optionally the acute accent."",
    "
147,ई,अ,इ अ,प्रकृतिभाव,6.1.127,,"According to शाकल्य, In the context of संहिता a पदान्त-इक्-letter, when followed by an असवर्ण अच्-letter undergoes ह्रस्वादेशः and then no other sandhi happens.\n\n,"
148,ई,आ,या,यण्,6.1.77,"An इक् letter which is followed by a स्वर is converted to a corresponding यण् letter in the context of संहिता. ,",
149,ई,आ,इ आ,प्रकृतिभाव,6.1.127,,"According to शाकल्य, In the context of संहिता a पदान्त-इक्-letter, when followed by an असवर्ण अच्-letter undergoes ह्रस्वादेशः and then no other sandhi happens.\n\n,"
150,ई,इ,ई,सवर्णदीर्घ,6.1.101,,
151,ई,ई,ई,सवर्णदीर्घ,6.1.101,,
152,ई,उ,यु,यण्,6.1.77,"An इक् letter which is followed by a स्वर is converted to a corresponding यण् letter in the context of संहिता. ,","After an oxytoned stem which ends in a light vowel, the genitive ending नाम् has optionally the acute accent.,"
153,ई,उ,इ उ,प्रकृतिभाव,6.1.127,,"""According to शाकल्य, In the context of संहिता a पदान्त-इक्-letter, when followed by an असवर्ण अच्-letter undergoes ह्रस्वादेशः and then no other sandhi happens.\n\n"",
    "
154,ई,ऊ,यू,यण्,6.1.77,"An इक् letter which is followed by a स्वर is converted to a corresponding यण् letter in the context of संहिता. ,","After an oxytoned stem which ends in a light vowel, the genitive ending नाम् has optionally the acute accent.,"
155,ई,ऊ,इ ऊ,प्रकृतिभाव,6.1.127,,"According to शाकल्य, In the context of संहिता a पदान्त-इक्-letter, when followed by an असवर्ण अच्-letter undergoes ह्रस्वादेशः and then no other sandhi happens.\n\n,"
156,ई,ऋ,यृ,यण्,6.1.77,"An इक् letter which is followed by a स्वर is converted to a corresponding यण् letter in the context of संहिता. ,",
157,ई,ऋ,इ ऋ,प्रकृतिभाव,6.1.128,,
158,ई,़,य़्,यण्,6.1.77,"An इक् letter which is followed by a स्वर is converted to a corresponding यण् letter in the context of संहिता. ,","""After an oxytoned stem which ends in a light vowel, the genitive ending नाम् has optionally the acute accent."",
    "
159,ई,़,इ ़,प्रकृतिभाव,6.1.127,,"""According to शाकल्य, In the context of संहिता a पदान्त-इक्-letter, when followed by an असवर्ण अच्-letter undergoes ह्रस्वादेशः and then no other sandhi happens.\n\n"",
    "
160,ई,ऌ,यॢ,यण्,6.1.77,"An इक् letter which is followed by a स्वर is converted to a corresponding यण् letter in the context of संहिता. ,","After an oxytoned stem which ends in a light vowel, the genitive ending नाम् has optionally the acute accent.,"
161,ई,ऌ,इ ऌ,प्रकृतिभाव,6.1.128,,
162,ई,ए,ये,यण्,6.1.77,"An इक् letter which is followed by a स्वर is converted to a corresponding यण् letter in the context of संहिता. ,","After an oxytoned stem which ends in a light vowel, the genitive ending नाम् has optionally the acute accent.,"
163,ई,ए,इ ए,प्रकृतिभाव,6.1.127,,"According to शाकल्य, In the context of संहिता a पदान्त-इक्-letter, when followed by an असवर्ण अच्-letter undergoes ह्रस्वादेशः and then no other sandhi happens.\n\n,"
164,ई,ऐ,यै,यण्,6.1.77,"An इक् letter which is followed by a स्वर is converted to a corresponding यण् letter in the context of संहिता. ,",
165,ई,ऐ,इ ऐ,प्रकृतिभाव,6.1.127,,"According to शाकल्य, In the context of संहिता a पदान्त-इक्-letter, when followed by an असवर्ण अच्-letter undergoes ह्रस्वादेशः and then no other sandhi happens.\n\n,"
166,ई,ओ,यो,यण्,6.1.77,"An इक् letter which is followed by a स्वर is converted to a corresponding यण् letter in the context of संहिता. ,",
167,ई,ओ,इ ओ,प्रकृतिभाव,6.1.127,,"According to शाकल्य, In the context of संहिता a पदान्त-इक्-letter, when followed by an असवर्ण अच्-letter undergoes ह्रस्वादेशः and then no other sandhi happens.\n\n,"
168,ई,औ,यौ,यण्,6.1.77,,
169,ई,औ,इ औ,प्रकृतिभाव,6.1.127,,"According to शाकल्य, In the context of संहिता a पदान्त-इक्-letter, when followed by an असवर्ण अच्-letter undergoes ह्रस्वादेशः and then no other sandhi happens.\n\n,"
170,ई,क्,ईक्,वर्णमेलन,,,
171,ई,ख्,ईख्,वर्णमेलन,,,
172,ई,ग्,ईग्,वर्णमेलन,,,
173,ई,घ्,ईघ्,वर्णमेलन,,,
174,ई,ङ्,ईङ्,वर्णमेलन,,,
175,ई,च्,ईच्,वर्णमेलन,,,
176,ई,छ्,ईच्छ्,तुगागम -> श्चुत्व,6.1.76; 8.4.40,,
177,ई,छ्,ईछ्,पक्षे तुगभावः,,,
178,ई,ज्,ईज्,वर्णमेलन,,,
179,ई,झ्,ईझ्,वर्णमेलन,,,
180,ई,ञ्,ईञ्,वर्णमेलन,,,
181,ई,ट्,ईट्,वर्णमेलन,,,
182,ई,ठ्,ईठ्,वर्णमेलन,,,
183,ई,ड्,ईड्,वर्णमेलन,,,
184,ई,ढ्,ईढ्,वर्णमेलन,,,
185,ई,ण्,ईण्,वर्णमेलन,,,
186,ई,त्,ईत्,वर्णमेलन,,,
187,ई,थ्,ईथ्,वर्णमेलन,,,
188,ई,द्,ईद्,वर्णमेलन,,,
189,ई,ध्,ईध्,वर्णमेलन,,,
190,ई,न्,ईन्,वर्णमेलन,,,
191,ई,प्,ईप्,वर्णमेलन,,,
192,ई,फ्,ईफ्,वर्णमेलन,,,
193,ई,ब्,ईब्,वर्णमेलन,,,
194,ई,भ्,ईभ्,वर्णमेलन,,,
195,ई,म्,ईम्,वर्णमेलन,,,
196,ई,य्,ईय्,वर्णमेलन,,,
197,ई,र्,ईर्,वर्णमेलन,,,
198,ई,ल्,ईल्,वर्णमेलन,,,
199,ई,व्,ईव्,वर्णमेलन,,,
200,ई,श्,ईश्,वर्णमेलन,,,
201,ई,ष्,ईष्,वर्णमेलन,,,
202,ई,स्,ईस्,वर्णमेलन,,,
203,ई,ह्,ईह्,वर्णमेलन,,,
204,उ,अ,व,यण्,6.1.77,"An इक् letter which is followed by a स्वर is converted to a corresponding यण् letter in the context of संहिता. ,","After an oxytoned stem which ends in a light vowel, the genitive ending नाम् has optionally the acute accent.,"
205,उ,आ,वा,यण्,6.1.77,"An इक् letter which is followed by a स्वर is converted to a corresponding यण् letter in the context of संहिता. ,","""After an oxytoned stem which ends in a light vowel, the genitive ending नाम् has optionally the acute accent."",
    """
206,उ,इ,वि,यण्,6.1.77,"An इक् letter which is followed by a स्वर is converted to a corresponding यण् letter in the context of संहिता. ,","After an oxytoned stem which ends in a light vowel, the genitive ending नाम् has optionally the acute accent.,"
207,उ,ई,वी,यण्,6.1.77,"""An इक् letter which is followed by a स्वर is converted to a corresponding यण् letter in the context of संहिता. "",
 ","After an oxytoned stem which ends in a light vowel, the genitive ending नाम् has optionally the acute accent.,"
208,उ,उ,ऊ,सवर्णदीर्घ,6.1.101,,
209,उ,ऊ,ऊ,सवर्णदीर्घ,6.1.101,,
210,उ,ऋ,वृ,यण्,6.1.77,"An इक् letter which is followed by a स्वर is converted to a corresponding यण् letter in the context of संहिता. ,","After an oxytoned stem which ends in a light vowel, the genitive ending नाम् has optionally the acute accent.,"
211,उ,ऋ,उ ऋ,प्रकृतिभाव,6.1.128,,
212,उ,़,व़्,यण्,6.1.77,"An इक् letter which is followed by a स्वर is converted to a corresponding यण् letter in the context of संहिता. ,","After an oxytoned stem which ends in a light vowel, the genitive ending नाम् has optionally the acute accent.,"
213,उ,ऌ,वॢ,यण्,6.1.77,"An इक् letter which is followed by a स्वर is converted to a corresponding यण् letter in the context of संहिता. ,","After an oxytoned stem which ends in a light vowel, the genitive ending नाम् has optionally the acute accent.,"
214,उ,ऌ,उ ऌ,प्रकृतिभाव,6.1.128,,
215,उ,ए,वे,यण्,6.1.77,"An इक् letter which is followed by a स्वर is converted to a corresponding यण् letter in the context of संहिता. ,","After an oxytoned stem which ends in a light vowel, the genitive ending नाम् has optionally the acute accent.,"
216,उ,ऐ,वै,यण्,6.1.77,"An इक् letter which is followed by a स्वर is converted to a corresponding यण् letter in the context of संहिता. ,","After an oxytoned stem which ends in a light vowel, the genitive ending नाम् has optionally the acute accent.,"
217,उ,ओ,वो,यण्,6.1.77,"An इक् letter which is followed by a स्वर is converted to a corresponding यण् letter in the context of संहिता. ,","After an oxytoned stem which ends in a light vowel, the genitive ending नाम् has optionally the acute accent.,"
218,उ,औ,वौ,यण्,6.1.77,"An इक् letter which is followed by a स्वर is converted to a corresponding यण् letter in the context of संहिता. ,","After an oxytoned stem which ends in a light vowel, the genitive ending नाम् has optionally the acute accent.,"
219,उ,क्,उक्,वर्णमेलन,,,
220,उ,ख्,उख्,वर्णमेलन,,,
221,उ,ग्,उग्,वर्णमेलन,,,
222,उ,घ्,उघ्,वर्णमेलन,,,
223,उ,ङ्,उङ्,वर्णमेलन,,,
224,उ,च्,उच्,वर्णमेलन,,,
225,उ,छ्,उच्छ्,तुगागम -> जश्त्व-> श्चुत्व-> चर्त्व,6.1.73; 8.2.39; 8.4.40; 8.4.55,,
226,उ,ज्,उज्,वर्णमेलन,,,
227,उ,झ्,उझ्,वर्णमेलन,,,
228,उ,ञ्,उञ्,वर्णमेलन,,,
229,उ,ट्,उट्,वर्णमेलन,,,
230,उ,ठ्,उठ्,वर्णमेलन,,,
231,उ,ड्,उड्,वर्णमेलन,,,
232,उ,ढ्,उढ्,वर्णमेलन,,,
233,उ,ण्,उण्,वर्णमेलन,,,
234,उ,त्,उत्,वर्णमेलन,,,
235,उ,थ्,उथ्,वर्णमेलन,,,
236,उ,द्,उद्,वर्णमेलन,,,
237,उ,ध्,उध्,वर्णमेलन,,,
238,उ,न्,उन्,वर्णमेलन,,,
239,उ,प्,उप्,वर्णमेलन,,,
240,उ,फ्,उफ्,वर्णमेलन,,,
241,उ,ब्,उब्,वर्णमेलन,,,
242,उ,भ्,उभ्,वर्णमेलन,,,
243,उ,म्,उम्,वर्णमेलन,,,
244,उ,य्,उय्,वर्णमेलन,,,
245,उ,र्,उर्,वर्णमेलन,,,
246,उ,ल्,उल्,वर्णमेलन,,,
247,उ,व्,उव्,वर्णमेलन,,,
248,उ,श्,उश्,वर्णमेलन,,,
249,उ,ष्,उष्,वर्णमेलन,,,
250,उ,स्,उस्,वर्णमेलन,,,
251,उ,ह्,उह्,वर्णमेलन,,,
252,ऊ,अ,व,यण्,6.1.77,"An इक् letter which is followed by a स्वर is converted to a corresponding यण् letter in the context of संहिता. ,","After an oxytoned stem which ends in a light vowel, the genitive ending नाम् has optionally the acute accent.,"
253,ऊ,अ,उ अ,प्रकृतिभाव,6.1.127,,"""According to शाकल्य, In the context of संहिता a पदान्त-इक्-letter, when followed by an असवर्ण अच्-letter undergoes ह्रस्वादेशः and then no other sandhi happens.\n\n"",
    "
254,ऊ,आ,वा,यण्,6.1.77,"An इक् letter which is followed by a स्वर is converted to a corresponding यण् letter in the context of संहिता. ,","After an oxytoned stem which ends in a light vowel, the genitive ending नाम् has optionally the acute accent.,"
255,ऊ,आ,उ आ,प्रकृतिभाव,6.1.127,,"According to शाकल्य, In the context of संहिता a पदान्त-इक्-letter, when followed by an असवर्ण अच्-letter undergoes ह्रस्वादेशः and then no other sandhi happens.\n\n,"
256,ऊ,इ,वि,यण्,6.1.77,"An इक् letter which is followed by a स्वर is converted to a corresponding यण् letter in the context of संहिता. ,",
257,ऊ,इ,उ इ,प्रकृतिभाव,6.1.127,,"According to शाकल्य, In the context of संहिता a पदान्त-इक्-letter, when followed by an असवर्ण अच्-letter undergoes ह्रस्वादेशः and then no other sandhi happens.\n\n,"
258,ऊ,ई,वी,यण्,6.1.77,"An इक् letter which is followed by a स्वर is converted to a corresponding यण् letter in the context of संहिता. ,",
259,ऊ,ई,उ ई,प्रकृतिभाव,6.1.127,,"According to शाकल्य, In the context of संहिता a पदान्त-इक्-letter, when followed by an असवर्ण अच्-letter undergoes ह्रस्वादेशः and then no other sandhi happens.\n\n,"
260,ऊ,उ,ऊ,सवर्णदीर्घ,6.1.101,"""When a प्रत्यय is removed using the word श्लु, अङ्ग which is not yet duplicated is duplicated. "",
   ","""If an एकार or ओकार is followed by the अकार of ङसिँ or ङस् प्रत्यय,  then both of them combined to form a पूर्वरूप एकादेश."",
   "
261,ऊ,ऊ,ऊ,सवर्णदीर्घ,6.1.101,"""When a प्रत्यय is removed using the word श्लु, अङ्ग which is not yet duplicated is duplicated. "",
   ","""If an एकार or ओकार is followed by the अकार of ङसिँ or ङस् प्रत्यय,  then both of them combined to form a पूर्वरूप एकादेश."",
   "
262,ऊ,ऋ,वृ,यण्,6.1.77,"An इक् letter which is followed by a स्वर is converted to a corresponding यण् letter in the context of संहिता. ,","After an oxytoned stem which ends in a light vowel, the genitive ending नाम् has optionally the acute accent.,"
263,ऊ,ऋ,उ ऋ,प्रकृतिभाव,6.1.128,,
264,ऊ,़,व़्,यण्,6.1.77,"An इक् letter which is followed by a स्वर is converted to a corresponding यण् letter in the context of संहिता. ,","After an oxytoned stem which ends in a light vowel, the genitive ending नाम् has optionally the acute accent.,"
265,ऊ,़,उ ़,प्रकृतिभाव,6.1.127,,"According to शाकल्य, In the context of संहिता a पदान्त-इक्-letter, when followed by an असवर्ण अच्-letter undergoes ह्रस्वादेशः and then no other sandhi happens.\n\n,"
266,ऊ,ऌ,वॢ,यण्,6.1.77,"An इक् letter which is followed by a स्वर is converted to a corresponding यण् letter in the context of संहिता. ,",
267,ऊ,ऌ,उ ऌ,प्रकृतिभाव,6.1.128,,
268,ऊ,ए,वे,यण्,6.1.77,"An इक् letter which is followed by a स्वर is converted to a corresponding यण् letter in the context of संहिता. ,","After an oxytoned stem which ends in a light vowel, the genitive ending नाम् has optionally the acute accent.,"
269,ऊ,ए,उ ए,प्रकृतिभाव,6.1.127,,"According to शाकल्य, In the context of संहिता a पदान्त-इक्-letter, when followed by an असवर्ण अच्-letter undergoes ह्रस्वादेशः and then no other sandhi happens.\n\n,"
270,ऊ,ऐ,वै,यण्,6.1.77,"An इक् letter which is followed by a स्वर is converted to a corresponding यण् letter in the context of संहिता. ,",
271,ऊ,ऐ,उ ऐ,प्रकृतिभाव,6.1.127,,"According to शाकल्य, In the context of संहिता a पदान्त-इक्-letter, when followed by an असवर्ण अच्-letter undergoes ह्रस्वादेशः and then no other sandhi happens.\n\n,"
272,ऊ,ओ,वो,यण्,6.1.77,"An इक् letter which is followed by a स्वर is converted to a corresponding यण् letter in the context of संहिता. ,",
273,ऊ,ओ,उ ओ,प्रकृतिभाव,6.1.127,,"According to शाकल्य, In the context of संहिता a पदान्त-इक्-letter, when followed by an असवर्ण अच्-letter undergoes ह्रस्वादेशः and then no other sandhi happens.\n\n,"
274,ऊ,औ,वौ,यण्,6.1.77,"An इक् letter which is followed by a स्वर is converted to a corresponding यण् letter in the context of संहिता. ,",
275,ऊ,औ,उ औ,प्रकृतिभाव,6.1.127,,"According to शाकल्य, In the context of संहिता a पदान्त-इक्-letter, when followed by an असवर्ण अच्-letter undergoes ह्रस्वादेशः and then no other sandhi happens.\n\n,"
276,ऊ,क्,ऊक्,वर्णमेलन,,,
277,ऊ,ख्,ऊख्,वर्णमेलन,,,
278,ऊ,ग्,ऊग्,वर्णमेलन,,,
279,ऊ,घ्,ऊघ्,वर्णमेलन,,,
280,ऊ,ङ्,ऊङ्,वर्णमेलन,,,
281,ऊ,च्,ऊच्,वर्णमेलन,,,
282,ऊ,छ्,ऊच्छ्,तुगागम -> श्चुत्व,6.1.76; 8.4.40,,
283,ऊ,छ्,ऊछ्,पक्षे तुगभावः,,,
284,ऊ,ज्,ऊज्,वर्णमेलन,,,
285,ऊ,झ्,ऊझ्,वर्णमेलन,,,
286,ऊ,ञ्,ऊञ्,वर्णमेलन,,,
287,ऊ,ट्,ऊट्,वर्णमेलन,,,
288,ऊ,ठ्,ऊठ्,वर्णमेलन,,,
289,ऊ,ड्,ऊड्,वर्णमेलन,,,
290,ऊ,ढ्,ऊढ्,वर्णमेलन,,,
291,ऊ,ण्,ऊण्,वर्णमेलन,,,
292,ऊ,त्,ऊत्,वर्णमेलन,,,
293,ऊ,थ्,ऊथ्,वर्णमेलन,,,
294,ऊ,द्,ऊद्,वर्णमेलन,,,
295,ऊ,ध्,ऊध्,वर्णमेलन,,,
296,ऊ,न्,ऊन्,वर्णमेलन,,,
297,ऊ,प्,ऊप्,वर्णमेलन,,,
298,ऊ,फ्,ऊफ्,वर्णमेलन,,,
299,ऊ,ब्,ऊब्,वर्णमेलन,,,
300,ऊ,भ्,ऊभ्,वर्णमेलन,,,
301,ऊ,म्,ऊम्,वर्णमेलन,,,
302,ऊ,य्,ऊय्,वर्णमेलन,,,
303,ऊ,र्,ऊर्,वर्णमेलन,,,
304,ऊ,ल्,ऊल्,वर्णमेलन,,,
305,ऊ,व्,ऊव्,वर्णमेलन,,,
306,ऊ,श्,ऊश्,वर्णमेलन,,,
307,ऊ,ष्,ऊष्,वर्णमेलन,,,
308,ऊ,स्,ऊस्,वर्णमेलन,,,
309,ऊ,ह्,ऊह्,वर्णमेलन,,,
310,ऋ,अ,र,यण्,6.1.77,"An इक् letter which is followed by a स्वर is converted to a corresponding यण् letter in the context of संहिता. ,","After an oxytoned stem which ends in a light vowel, the genitive ending नाम् has optionally the acute accent.,"
311,ऋ,आ,रा,यण्,6.1.77,"An इक् letter which is followed by a स्वर is converted to a corresponding यण् letter in the context of संहिता. ,","After an oxytoned stem which ends in a light vowel, the genitive ending नाम् has optionally the acute accent.,"
312,ऋ,इ,रि,यण्,6.1.77,"An इक् letter which is followed by a स्वर is converted to a corresponding यण् letter in the context of संहिता. ,","After an oxytoned stem which ends in a light vowel, the genitive ending नाम् has optionally the acute accent.,"
313,ऋ,ई,री,यण्,6.1.77,"An इक् letter which is followed by a स्वर is converted to a corresponding यण् letter in the context of संहिता. ,","After an oxytoned stem which ends in a light vowel, the genitive ending नाम् has optionally the acute accent.,"
314,ऋ,उ,रु,यण्,6.1.77,"An इक् letter which is followed by a स्वर is converted to a corresponding यण् letter in the context of संहिता. ,","After an oxytoned stem which ends in a light vowel, the genitive ending नाम् has optionally the acute accent.,"
315,ऋ,ऊ,रू,यण्,6.1.77,"An इक् letter which is followed by a स्वर is converted to a corresponding यण् letter in the context of संहिता. ,","After an oxytoned stem which ends in a light vowel, the genitive ending नाम् has optionally the acute accent.,"
316,ऋ,ऋ,ऋ,ऋत्व,,,
317,ऋ,ऋ,़,सवर्णदीर्घ,6.1.101,"According to शाकल्य, In the context of संहिता a पदान्त-अक्-letter, when followed by a ह्रस्व ऋ/ऌ-letter undergoes ह्रस्वादेशः and then no other sandhi happens."",
   "," ""If an एकार or ओकार is followed by the अकार of ङसिँ or ङस् प्रत्यय,  then both of them combined to form a पूर्वरूप एकादेश."",
   "
318,ऋ,ऋ,ऋ ऋ,प्रकृतिभाव,6.1.128,"""According to शाकल्य, In the context of संहिता a पदान्त-अक्-letter, when followed by a ह्रस्व ऋ/ऌ-letter undergoes ह्रस्वादेशः and then no other sandhi happens."",
   ",
319,ऋ,़,़,सवर्णदीर्घ,6.1.101,"""When a प्रत्यय is removed using the word श्लु, अङ्ग which is not yet duplicated is duplicated. "",
   "," ""If an एकार or ओकार is followed by the अकार of ङसिँ or ङस् प्रत्यय,  then both of them combined to form a पूर्वरूप एकादेश."",
   "
320,ऋ,ऌ,ऌ,ऌत्व,,,
321,ऋ,ऌ,़,सवर्णदीर्घ,6.1.101,"""When a प्रत्यय is removed using the word श्लु, अङ्ग which is not yet duplicated is duplicated. "",
    "," ""If an एकार or ओकार is followed by the अकार of ङसिँ or ङस् प्रत्यय,  then both of them combined to form a पूर्वरूप एकादेश."",
   "
322,ऋ,ऌ,ऋ ऌ,प्रकृतिभाव,6.1.128,"According to शाकल्य, In the context of संहिता a पदान्त-अक्-letter, when followed by a ह्रस्व ऋ/ऌ-letter undergoes ह्रस्वादेशः and then no other sandhi happens.,",
323,ऋ,ए,रे,यण्,6.1.77,"An इक् letter which is followed by a स्वर is converted to a corresponding यण् letter in the context of संहिता. ,","After an oxytoned stem which ends in a light vowel, the genitive ending नाम् has optionally the acute accent.,"
324,ऋ,ऐ,रै,यण्,6.1.77,"An इक् letter which is followed by a स्वर is converted to a corresponding यण् letter in the context of संहिता. ,","After an oxytoned stem which ends in a light vowel, the genitive ending नाम् has optionally the acute accent.,"
325,ऋ,ओ,रो,यण्,6.1.77,"An इक् letter which is followed by a स्वर is converted to a corresponding यण् letter in the context of संहिता. ,","After an oxytoned stem which ends in a light vowel, the genitive ending नाम् has optionally the acute accent.,"
326,ऋ,औ,रौ,यण्,6.1.77,"An इक् letter which is followed by a स्वर is converted to a corresponding यण् letter in the context of संहिता. ,","After an oxytoned stem which ends in a light vowel, the genitive ending नाम् has optionally the acute accent.,"
327,ऋ,क्,ऋक्,वर्णमेलन,,,
328,ऋ,ख्,ऋख्,वर्णमेलन,,,
329,ऋ,ग्,ऋग्,वर्णमेलन,,,
330,ऋ,घ्,ऋघ्,वर्णमेलन,,,
331,ऋ,ङ्,ऋङ्,वर्णमेलन,,,
332,ऋ,च्,ऋच्,वर्णमेलन,,,
333,ऋ,छ्,ऋच्छ्,तुगागम -> जश्त्व-> श्चुत्व-> चर्त्व,6.1.73; 8.2.39; 8.4.40; 8.4.55,,
334,ऋ,ज्,ऋज्,वर्णमेलन,,,
335,ऋ,झ्,ऋझ्,वर्णमेलन,,,
336,ऋ,ञ्,ऋञ्,वर्णमेलन,,,
337,ऋ,ट्,ऋट्,वर्णमेलन,,,
338,ऋ,ठ्,ऋठ्,वर्णमेलन,,,
339,ऋ,ड्,ऋड्,वर्णमेलन,,,
340,ऋ,ढ्,ऋढ्,वर्णमेलन,,,
341,ऋ,ण्,ऋण्,वर्णमेलन,,,
342,ऋ,त्,ऋत्,वर्णमेलन,,,
343,ऋ,थ्,ऋथ्,वर्णमेलन,,,
344,ऋ,द्,ऋद्,वर्णमेलन,,,
345,ऋ,ध्,ऋध्,वर्णमेलन,,,
346,ऋ,न्,ऋन्,वर्णमेलन,,,
347,ऋ,प्,ऋप्,वर्णमेलन,,,
348,ऋ,फ्,ऋफ्,वर्णमेलन,,,
349,ऋ,ब्,ऋब्,वर्णमेलन,,,
350,ऋ,भ्,ऋभ्,वर्णमेलन,,,
351,ऋ,म्,ऋम्,वर्णमेलन,,,
352,ऋ,य्,ऋय्,वर्णमेलन,,,
353,ऋ,र्,ऋर्,वर्णमेलन,,,
354,ऋ,ल्,ऋल्,वर्णमेलन,,,
355,ऋ,व्,ऋव्,वर्णमेलन,,,
356,ऋ,श्,ऋश्,वर्णमेलन,,,
357,ऋ,ष्,ऋष्,वर्णमेलन,,,
358,ऋ,स्,ऋस्,वर्णमेलन,,,
359,ऋ,ह्,ऋह्,वर्णमेलन,,,
360,़,अ,र,यण्,6.1.77,"An इक् letter which is followed by a स्वर is converted to a corresponding यण् letter in the context of संहिता. ,","After an oxytoned stem which ends in a light vowel, the genitive ending नाम् has optionally the acute accent.,"
361,़,अ,ऋ अ,प्रकृतिभाव,6.1.127,,"According to शाकल्य, In the context of संहिता a पदान्त-इक्-letter, when followed by an असवर्ण अच्-letter undergoes ह्रस्वादेशः and then no other sandhi happens.\n\n,"
362,़,आ,रा,यण्,6.1.77,"An इक् letter which is followed by a स्वर is converted to a corresponding यण् letter in the context of संहिता. ,","After an oxytoned stem which ends in a light vowel, the genitive ending नाम् has optionally the acute accent.,"
363,़,आ,ऋ आ,प्रकृतिभाव,6.1.127,,"According to शाकल्य, In the context of संहिता a पदान्त-इक्-letter, when followed by an असवर्ण अच्-letter undergoes ह्रस्वादेशः and then no other sandhi happens.\n\n,"
364,़,इ,रि,यण्,6.1.77,"An इक् letter which is followed by a स्वर is converted to a corresponding यण् letter in the context of संहिता. ,","After an oxytoned stem which ends in a light vowel, the genitive ending नाम् has optionally the acute accent.,"
365,़,इ,ऋ इ,प्रकृतिभाव,6.1.127,,"According to शाकल्य, In the context of संहिता a पदान्त-इक्-letter, when followed by an असवर्ण अच्-letter undergoes ह्रस्वादेशः and then no other sandhi happens.\n\n,"
366,़,ई,री,यण्,6.1.77,"An इक् letter which is followed by a स्वर is converted to a corresponding यण् letter in the context of संहिता. ,","After an oxytoned stem which ends in a light vowel, the genitive ending नाम् has optionally the acute accent.,"
367,़,ई,ऋ ई,प्रकृतिभाव,6.1.127,,"According to शाकल्य, In the context of संहिता a पदान्त-इक्-letter, when followed by an असवर्ण अच्-letter undergoes ह्रस्वादेशः and then no other sandhi happens.\n\n,"
368,़,उ,रु,यण्,6.1.77,"An इक् letter which is followed by a स्वर is converted to a corresponding यण् letter in the context of संहिता. ,","After an oxytoned stem which ends in a light vowel, the genitive ending नाम् has optionally the acute accent.,"
369,़,उ,ऋ उ,प्रकृतिभाव,6.1.127,,"According to शाकल्य, In the context of संहिता a पदान्त-इक्-letter, when followed by an असवर्ण अच्-letter undergoes ह्रस्वादेशः and then no other sandhi happens.\n\n,"
370,़,ऊ,रू,यण्,6.1.77,"An इक् letter which is followed by a स्वर is converted to a corresponding यण् letter in the context of संहिता. ,","After an oxytoned stem which ends in a light vowel, the genitive ending नाम् has optionally the acute accent.,"
371,़,ऊ,ऋ ऊ,प्रकृतिभाव,6.1.127,,"According to शाकल्य, In the context of संहिता a पदान्त-इक्-letter, when followed by an असवर्ण अच्-letter undergoes ह्रस्वादेशः and then no other sandhi happens.\n\n,"
372,़,ऋ,़,सवर्णदीर्घ,6.1.101,,"If an एकार or ओकार is followed by the अकार of ङसिँ or ङस् प्रत्यय,  then both of them combined to form a पूर्वरूप एकादेश.,"
373,़,ऋ,ऋ,ऋत्व,,,
374,़,ऋ,ऋ ऋ,प्रकृतिभाव,6.1.128,,
375,़,़,़,सवर्णदीर्घ,6.1.101,"When a प्रत्यय is removed using the word श्लु, अङ्ग which is not yet duplicated is duplicated. ,"," ""If an एकार or ओकार is followed by the अकार of ङसिँ or ङस् प्रत्यय,  then both of them combined to form a पूर्वरूप एकादेश."",
   "
376,़,ऌ,़,सवर्णदीर्घ,6.1.101,"""When a प्रत्यय is removed using the word श्लु, अङ्ग which is not yet duplicated is duplicated. "",
    "," ""If an एकार or ओकार is followed by the अकार of ङसिँ or ङस् प्रत्यय,  then both of them combined to form a पूर्वरूप एकादेश."",
   "
377,़,ऌ,ऋ ऌ,प्रकृतिभाव,6.1.128,,
378,़,ऌ,ऌ,ऌत्व,,,
379,़,ए,रे,यण्,6.1.77,"An इक् letter which is followed by a स्वर is converted to a corresponding यण् letter in the context of संहिता. ,","An इक् letter which is followed by a स्वर is converted to a corresponding यण् letter in the context of संहिता. ,"
380,़,ए,ऋ ए,प्रकृतिभाव,6.1.127,,"According to शाकल्य, In the context of संहिता a पदान्त-इक्-letter, when followed by an असवर्ण अच्-letter undergoes ह्रस्वादेशः and then no other sandhi happens.\n\n,"
381,़,ऐ,रै,यण्,6.1.77,"An इक् letter which is followed by a स्वर is converted to a corresponding यण् letter in the context of संहिता. ,","After an oxytoned stem which ends in a light vowel, the genitive ending नाम् has optionally the acute accent.,"
382,़,ऐ,ऋ ऐ,प्रकृतिभाव,6.1.127,,"According to शाकल्य, In the context of संहिता a पदान्त-इक्-letter, when followed by an असवर्ण अच्-letter undergoes ह्रस्वादेशः and then no other sandhi happens.\n\n,"
383,़,ओ,रो,यण्,6.1.77,"An इक् letter which is followed by a स्वर is converted to a corresponding यण् letter in the context of संहिता. ,","After an oxytoned stem which ends in a light vowel, the genitive ending नाम् has optionally the acute accent.,"
384,़,ओ,ऋ ओ,प्रकृतिभाव,6.1.127,,"According to शाकल्य, In the context of संहिता a पदान्त-इक्-letter, when followed by an असवर्ण अच्-letter undergoes ह्रस्वादेशः and then no other sandhi happens.\n\n,"
385,़,औ,रौ,यण्,6.1.77,"An इक् letter which is followed by a स्वर is converted to a corresponding यण् letter in the context of संहिता. ,","After an oxytoned stem which ends in a light vowel, the genitive ending नाम् has optionally the acute accent.,"
386,़,औ,ऋ औ,प्रकृतिभाव,6.1.127,,"According to शाकल्य, In the context of संहिता a पदान्त-इक्-letter, when followed by an असवर्ण अच्-letter undergoes ह्रस्वादेशः and then no other sandhi happens.\n\n,"
387,़,क्,़क्,वर्णमेलन,,,
388,़,ख्,़ख्,वर्णमेलन,,,
389,़,ग्,़ग्,वर्णमेलन,,,
390,़,घ्,़घ्,वर्णमेलन,,,
391,़,ङ्,़ङ्,वर्णमेलन,,,
392,़,च्,़च्,वर्णमेलन,,,
393,़,छ्,़च्छ्,तुगागम -> श्चुत्व,6.1.76; 8.4.40,,
394,़,छ्,़छ्,पक्षे तुगभावः,,,
395,़,ज्,़ज्,वर्णमेलन,,,
396,़,झ्,़झ्,वर्णमेलन,,,
397,़,ञ्,़ञ्,वर्णमेलन,,,
398,़,ट्,़ट्,वर्णमेलन,,,
399,़,ठ्,़ठ्,वर्णमेलन,,,
400,़,ड्,़ड्,वर्णमेलन,,,
401,़,ढ्,़ढ्,वर्णमेलन,,,
402,़,ण्,़ण्,वर्णमेलन,,,
403,़,त्,़त्,वर्णमेलन,,,
404,़,थ्,़थ्,वर्णमेलन,,,
405,़,द्,़द्,वर्णमेलन,,,
406,़,ध्,़ध्,वर्णमेलन,,,
407,़,न्,़न्,वर्णमेलन,,,
408,़,प्,़प्,वर्णमेलन,,,
409,़,फ्,़फ्,वर्णमेलन,,,
410,़,ब्,़ब्,वर्णमेलन,,,
411,़,भ्,़भ्,वर्णमेलन,,,
412,़,म्,़म्,वर्णमेलन,,,
413,़,य्,़य्,वर्णमेलन,,,
414,़,र्,़र्,वर्णमेलन,,,
415,़,ल्,़ल्,वर्णमेलन,,,
416,़,व्,़व्,वर्णमेलन,,,
417,़,श्,़श्,वर्णमेलन,,,
418,़,ष्,़ष्,वर्णमेलन,,,
419,़,स्,़स्,वर्णमेलन,,,
420,़,ह्,़ह्,वर्णमेलन,,,
421,ऌ,अ,ल,यण्,6.1.77,"An इक् letter which is followed by a स्वर is converted to a corresponding यण् letter in the context of संहिता. ,","An इक् letter which is followed by a स्वर is converted to a corresponding यण् letter in the context of संहिता. ,"
422,ऌ,आ,ला,यण्,6.1.77,"An इक् letter which is followed by a स्वर is converted to a corresponding यण् letter in the context of संहिता. ,","An इक् letter which is followed by a स्वर is converted to a corresponding यण् letter in the context of संहिता. ,"
423,ऌ,इ,लि,यण्,6.1.77,"An इक् letter which is followed by a स्वर is converted to a corresponding यण् letter in the context of संहिता. ,","An इक् letter which is followed by a स्वर is converted to a corresponding यण् letter in the context of संहिता. ,"
424,ऌ,ई,ली,यण्,6.1.77,"An इक् letter which is followed by a स्वर is converted to a corresponding यण् letter in the context of संहिता. ,","An इक् letter which is followed by a स्वर is converted to a corresponding यण् letter in the context of संहिता. ,"
425,ऌ,उ,लु,यण्,6.1.77,"An इक् letter which is followed by a स्वर is converted to a corresponding यण् letter in the context of संहिता. ,","An इक् letter which is followed by a स्वर is converted to a corresponding यण् letter in the context of संहिता. ,"
426,ऌ,ऊ,लू,यण्,6.1.77,"An इक् letter which is followed by a स्वर is converted to a corresponding यण् letter in the context of संहिता. ,","An इक् letter which is followed by a स्वर is converted to a corresponding यण् letter in the context of संहिता. ,"
427,ऌ,ऋ,ऋ,ऋत्व,,,
428,ऌ,ऋ,़,सवर्णदीर्घ,6.1.101,"When a प्रत्यय is removed using the word श्लु, अङ्ग which is not yet duplicated is duplicated. ,"," ""If an एकार or ओकार is followed by the अकार of ङसिँ or ङस् प्रत्यय,  then both of them combined to form a पूर्वरूप एकादेश."",
   "
429,ऌ,ऋ,ऌ ऋ,प्रकृतिभाव,6.1.128,,
430,ऌ,़,़,सवर्णदीर्घ,6.1.101,"When a प्रत्यय is removed using the word श्लु, अङ्ग which is not yet duplicated is duplicated. ,","If an एकार or ओकार is followed by the अकार of ङसिँ or ङस् प्रत्यय,  then both of them combined to form a पूर्वरूप एकादेश.,"
431,ऌ,ऌ,ऌ,ऌत्व,,,
432,ऌ,ऌ,़,सवर्णदीर्घ,6.1.101,"When a प्रत्यय is removed using the word श्लु, अङ्ग which is not yet duplicated is duplicated. ,","If an एकार or ओकार is followed by the अकार of ङसिँ or ङस् प्रत्यय,  then both of them combined to form a पूर्वरूप एकादेश.,"
433,ऌ,ऌ,ऌ ऌ,प्रकृतिभाव,6.1.128,,
434,ऌ,ए,ले,यण्,6.1.77,"An इक् letter which is followed by a स्वर is converted to a corresponding यण् letter in the context of संहिता. ,","An इक् letter which is followed by a स्वर is converted to a corresponding यण् letter in the context of संहिता. ,"
435,ऌ,ऐ,लै,यण्,6.1.77,"An इक् letter which is followed by a स्वर is converted to a corresponding यण् letter in the context of संहिता. ,","An इक् letter which is followed by a स्वर is converted to a corresponding यण् letter in the context of संहिता. ,"
436,ऌ,ओ,लो,यण्,6.1.77,"An इक् letter which is followed by a स्वर is converted to a corresponding यण् letter in the context of संहिता. ,","An इक् letter which is followed by a स्वर is converted to a corresponding यण् letter in the context of संहिता. ,"
437,ऌ,औ,लौ,यण्,6.1.77,"An इक् letter which is followed by a स्वर is converted to a corresponding यण् letter in the context of संहिता. ,","An इक् letter which is followed by a स्वर is converted to a corresponding यण् letter in the context of संहिता. ,"
438,ऌ,क्,ऌक्,वर्णमेलन,,,
439,ऌ,ख्,ऌख्,वर्णमेलन,,,
440,ऌ,ग्,ऌग्,वर्णमेलन,,,
441,ऌ,घ्,ऌघ्,वर्णमेलन,,,
442,ऌ,ङ्,ऌङ्,वर्णमेलन,,,
443,ऌ,च्,ऌच्,वर्णमेलन,,,
444,ऌ,छ्,ऌच्छ्,तुगागम -> जश्त्व-> श्चुत्व-> चर्त्व,6.1.73; 8.2.39; 8.4.40; 8.4.55,,
445,ऌ,ज्,ऌज्,वर्णमेलन,,,
446,ऌ,झ्,ऌझ्,वर्णमेलन,,,
447,ऌ,ञ्,ऌञ्,वर्णमेलन,,,
448,ऌ,ट्,ऌट्,वर्णमेलन,,,
449,ऌ,ठ्,ऌठ्,वर्णमेलन,,,
450,ऌ,ड्,ऌड्,वर्णमेलन,,,
451,ऌ,ढ्,ऌढ्,वर्णमेलन,,,
452,ऌ,ण्,ऌण्,वर्णमेलन,,,
453,ऌ,त्,ऌत्,वर्णमेलन,,,
454,ऌ,थ्,ऌथ्,वर्णमेलन,,,
455,ऌ,द्,ऌद्,वर्णमेलन,,,
456,ऌ,ध्,ऌध्,वर्णमेलन,,,
457,ऌ,न्,ऌन्,वर्णमेलन,,,
458,ऌ,प्,ऌप्,वर्णमेलन,,,
459,ऌ,फ्,ऌफ्,वर्णमेलन,,,
460,ऌ,ब्,ऌब्,वर्णमेलन,,,
461,ऌ,भ्,ऌभ्,वर्णमेलन,,,
462,ऌ,म्,ऌम्,वर्णमेलन,,,
463,ऌ,य्,ऌय्,वर्णमेलन,,,
464,ऌ,र्,ऌर्,वर्णमेलन,,,
465,ऌ,ल्,ऌल्,वर्णमेलन,,,
466,ऌ,व्,ऌव्,वर्णमेलन,,,
467,ऌ,श्,ऌश्,वर्णमेलन,,,
468,ऌ,ष्,ऌष्,वर्णमेलन,,,
469,ऌ,स्,ऌस्,वर्णमेलन,,,
470,ऌ,ह्,ऌह्,वर्णमेलन,,,
471,ए,अ,एऽ,पूर्वरूप,6.1.109,,
472,ए,आ,अया,यान्तवान्त,6.1.78,,
473,ए,आ,अ आ,लोप,8.3.19,,
474,ए,इ,अयि,यान्तवान्त,6.1.78,,
475,ए,इ,अ इ,लोप,8.3.19,,
476,ए,ई,अयी,यान्तवान्त,6.1.78,,
477,ए,ई,अ ई,लोप,8.3.19,,
478,ए,उ,अयु,यान्तवान्त,6.1.78,,
479,ए,उ,अ उ,लोप,8.3.19,,
480,ए,ऊ,अयू,यान्तवान्त,6.1.78,,
481,ए,ऊ,अ ऊ,लोप,8.3.19,,
482,ए,ऋ,अयृ,यान्तवान्त,6.1.78,,
483,ए,ऋ,अ ऋ,लोप,8.3.19,,
484,ए,़,अय़्,यान्तवान्त,6.1.78,,
485,ए,़,अ ़,लोप,8.3.19,,
486,ए,ऌ,अयॢ,यान्तवान्त,6.1.78,,
487,ए,ऌ,अ ऌ,लोप,8.3.19,,
488,ए,ए,अये,यान्तवान्त,6.1.78,,
489,ए,ए,अ ए,लोप,8.3.19,,
490,ए,ऐ,अयै,यान्तवान्त,6.1.78,,
491,ए,ऐ,अ ऐ,लोप,8.3.19,,
492,ए,ओ,अयो,यान्तवान्त,6.1.78,,
493,ए,ओ,अ ओ,लोप,8.3.19,,
494,ए,औ,अयौ,यान्तवान्त,6.1.78,,
495,ए,औ,अ औ,लोप,8.3.19,,
496,ए,क्,एक्,वर्णमेलन,,,
497,ए,ख्,एख्,वर्णमेलन,,,
498,ए,ग्,एग्,वर्णमेलन,,,
499,ए,घ्,एघ्,वर्णमेलन,,,
500,ए,ङ्,एङ्,वर्णमेलन,,,
501,ए,च्,एच्,वर्णमेलन,,,
502,ए,छ्,एच्छ्,तुगागम -> श्चुत्व,6.1.76; 8.4.40,,
503,ए,छ्,एछ्,पक्षे तुगभावः,,,
504,ए,ज्,एज्,वर्णमेलन,,,
505,ए,झ्,एझ्,वर्णमेलन,,,
506,ए,ञ्,एञ्,वर्णमेलन,,,
507,ए,ट्,एट्,वर्णमेलन,,,
508,ए,ठ्,एठ्,वर्णमेलन,,,
509,ए,ड्,एड्,वर्णमेलन,,,
510,ए,ढ्,एढ्,वर्णमेलन,,,
511,ए,ण्,एण्,वर्णमेलन,,,
512,ए,त्,एत्,वर्णमेलन,,,
513,ए,थ्,एथ्,वर्णमेलन,,,
514,ए,द्,एद्,वर्णमेलन,,,
515,ए,ध्,एध्,वर्णमेलन,,,
516,ए,न्,एन्,वर्णमेलन,,,
517,ए,प्,एप्,वर्णमेलन,,,
518,ए,फ्,एफ्,वर्णमेलन,,,
519,ए,ब्,एब्,वर्णमेलन,,,
520,ए,भ्,एभ्,वर्णमेलन,,,
521,ए,म्,एम्,वर्णमेलन,,,
522,ए,य्,एय्,वर्णमेलन,,,
523,ए,र्,एर्,वर्णमेलन,,,
524,ए,ल्,एल्,वर्णमेलन,,,
525,ए,व्,एव्,वर्णमेलन,,,
526,ए,श्,एश्,वर्णमेलन,,,
527,ए,ष्,एष्,वर्णमेलन,,,
528,ए,स्,एस्,वर्णमेलन,,,
529,ए,ह्,एह्,वर्णमेलन,,,
530,ऐ,अ,आय,यान्तवान्त,6.1.78,,"""When followed by a स्वर, the letters of the एच् प्रत्याहार are respectively converted to अय्, अव्, आय् and आव् in the context of संहिता. "",
   "
531,ऐ,अ,आ अ,लोप,8.3.19,"""According to Shakalya, a वकार/यकार present at end of a  पद and situated after अ/आ gets removed when it is followed by a letter from अश् प्रत्याहार in the context of संहिता.\n"",
    ","""According to Shakalya, a वकार/यकार present at end of a  पद and situated after अ/आ gets removed when it is followed by a letter from अश् प्रत्याहार in the context of संहिता.\n"",
   "
532,ऐ,आ,आया,यान्तवान्त,6.1.78,,"""When followed by a स्वर, the letters of the एच् प्रत्याहार are respectively converted to अय्, अव्, आय् and आव् in the context of संहिता. "",
    "
533,ऐ,आ,आ आ,लोप,8.3.19,"""According to Shakalya, a वकार/यकार present at end of a  पद and situated after अ/आ gets removed when it is followed by a letter from अश् प्रत्याहार in the context of संहिता.\n"",
    ","""According to Shakalya, a वकार/यकार present at end of a  पद and situated after अ/आ gets removed when it is followed by a letter from अश् प्रत्याहार in the context of संहिता.\n"",
    "
534,ऐ,इ,आयि,यान्तवान्त,6.1.78,,"When followed by a स्वर, the letters of the एच् प्रत्याहार are respectively converted to अय्, अव्, आय् and आव् in the context of संहिता. ,"
535,ऐ,इ,आ इ,लोप,8.3.19,"According to Shakalya, a वकार/यकार present at end of a  पद and situated after अ/आ gets removed when it is followed by a letter from अश् प्रत्याहार in the context of संहिता.\n,",
536,ऐ,ई,आयी,यान्तवान्त,6.1.78,,"""When followed by a स्वर, the letters of the एच् प्रत्याहार are respectively converted to अय्, अव्, आय् and आव् in the context of संहिता. "",
    "
537,ऐ,ई,आ ई,लोप,8.3.19,"""According to Shakalya, a वकार/यकार present at end of a  पद and situated after अ/आ gets removed when it is followed by a letter from अश् प्रत्याहार in the context of संहिता.\n"",
    ","""According to Shakalya, a वकार/यकार present at end of a  पद and situated after अ/आ gets removed when it is followed by a letter from अश् प्रत्याहार in the context of संहिता.\n"",
    "
538,ऐ,उ,आयु,यान्तवान्त,6.1.78,,"When followed by a स्वर, the letters of the एच् प्रत्याहार are respectively converted to अय्, अव्, आय् and आव् in the context of संहिता. ,"
539,ऐ,उ,आ उ,लोप,8.3.19,"""According to Shakalya, a वकार/यकार present at end of a  पद and situated after अ/आ gets removed when it is followed by a letter from अश् प्रत्याहार in the context of संहिता.\n"",
    ","""According to Shakalya, a वकार/यकार present at end of a  पद and situated after अ/आ gets removed when it is followed by a letter from अश् प्रत्याहार in the context of संहिता.\n"",
    "
540,ऐ,ऊ,आयू,यान्तवान्त,6.1.78,,"""When followed by a स्वर, the letters of the एच् प्रत्याहार are respectively converted to अय्, अव्, आय् and आव् in the context of संहिता. "",
    "
541,ऐ,ऊ,आ ऊ,लोप,8.3.19,"""According to Shakalya, a वकार/यकार present at end of a  पद and situated after अ/आ gets removed when it is followed by a letter from अश् प्रत्याहार in the context of संहिता.\n"",
    ",
542,ऐ,ऋ,आयृ,यान्तवान्त,6.1.78,,"When followed by a स्वर, the letters of the एच् प्रत्याहार are respectively converted to अय्, अव्, आय् and आव् in the context of संहिता. ,"
543,ऐ,ऋ,आ ऋ,लोप,8.3.19,"""According to Shakalya, a वकार/यकार present at end of a  पद and situated after अ/आ gets removed when it is followed by a letter from अश् प्रत्याहार in the context of संहिता.\n"",
    ",
544,ऐ,़,आय़्,यान्तवान्त,6.1.78,,"When followed by a स्वर, the letters of the एच् प्रत्याहार are respectively converted to अय्, अव्, आय् and आव् in the context of संहिता. ,"
545,ऐ,़,आ ़,लोप,8.3.19,"According to Shakalya, a वकार/यकार present at end of a  पद and situated after अ/आ gets removed when it is followed by a letter from अश् प्रत्याहार in the context of संहिता.\n,",
546,ऐ,ऌ,आयॢ,यान्तवान्त,6.1.78,,"When followed by a स्वर, the letters of the एच् प्रत्याहार are respectively converted to अय्, अव्, आय् and आव् in the context of संहिता. ,"
547,ऐ,ऌ,आ ऌ,लोप,8.3.19,"According to Shakalya, a वकार/यकार present at end of a  पद and situated after अ/आ gets removed when it is followed by a letter from अश् प्रत्याहार in the context of संहिता.\n,",
548,ऐ,ए,आये,यान्तवान्त,6.1.78,,"When followed by a स्वर, the letters of the एच् प्रत्याहार are respectively converted to अय्, अव्, आय् and आव् in the context of संहिता. ,"
549,ऐ,ए,आ ए,लोप,8.3.19,"According to Shakalya, a वकार/यकार present at end of a  पद and situated after अ/आ gets removed when it is followed by a letter from अश् प्रत्याहार in the context of संहिता.\n,","""According to Shakalya, a वकार/यकार present at end of a  पद and situated after अ/आ gets removed when it is followed by a letter from अश् प्रत्याहार in the context of संहिता.\n"",
    "
550,ऐ,ऐ,आयै,यान्तवान्त,6.1.78,,"When followed by a स्वर, the letters of the एच् प्रत्याहार are respectively converted to अय्, अव्, आय् and आव् in the context of संहिता. ,"
551,ऐ,ऐ,आ ऐ,लोप,8.3.19,"According to Shakalya, a वकार/यकार present at end of a  पद and situated after अ/आ gets removed when it is followed by a letter from अश् प्रत्याहार in the context of संहिता.\n,","""According to Shakalya, a वकार/यकार present at end of a  पद and situated after अ/आ gets removed when it is followed by a letter from अश् प्रत्याहार in the context of संहिता.\n"",
    "
552,ऐ,ओ,आयो,यान्तवान्त,6.1.78,,"When followed by a स्वर, the letters of the एच् प्रत्याहार are respectively converted to अय्, अव्, आय् and आव् in the context of संहिता. ,"
553,ऐ,ओ,आ ओ,लोप,8.3.19,"According to Shakalya, a वकार/यकार present at end of a  पद and situated after अ/आ gets removed when it is followed by a letter from अश् प्रत्याहार in the context of संहिता.\n,","""According to Shakalya, a वकार/यकार present at end of a  पद and situated after अ/आ gets removed when it is followed by a letter from अश् प्रत्याहार in the context of संहिता.\n"",
    "
554,ऐ,औ,आयौ,यान्तवान्त,6.1.78,,"When followed by a स्वर, the letters of the एच् प्रत्याहार are respectively converted to अय्, अव्, आय् and आव् in the context of संहिता. ,"
555,ऐ,औ,आ औ,यान्तवान्त,6.1.78,,"When followed by a स्वर, the letters of the एच् प्रत्याहार are respectively converted to अय्, अव्, आय् and आव् in the context of संहिता. ,"
556,ऐ,क्,ऐक्,वर्णमेलन,,,
557,ऐ,ख्,ऐख्,वर्णमेलन,,,
558,ऐ,ग्,ऐग्,वर्णमेलन,,,
559,ऐ,घ्,ऐघ्,वर्णमेलन,,,
560,ऐ,ङ्,ऐङ्,वर्णमेलन,,,
561,ऐ,च्,ऐच्,वर्णमेलन,,,
562,ऐ,छ्,ऐच्छ्,तुगागम -> श्चुत्व,6.1.76; 8.4.40,,"""A दीर्घ स्वर at end of a पद gets optional तुक्-आगमः when followed by a छकार,  in the context of संहिता. "" ""In the context of संहिता, A सकार and a तवर्ग letter are converted (respectively) to a  शकार and चवर्ग letter when associated with a शकार or a चवर्ग letter."",
    "
563,ऐ,छ्,ऐछ्,पक्षे तुगभावः,,,
564,ऐ,ज्,ऐज्,वर्णमेलन,,,
565,ऐ,झ्,ऐझ्,वर्णमेलन,,,
566,ऐ,ञ्,ऐञ्,वर्णमेलन,,,
567,ऐ,ट्,ऐट्,वर्णमेलन,,,
568,ऐ,ठ्,ऐठ्,वर्णमेलन,,,
569,ऐ,ड्,ऐड्,वर्णमेलन,,,
570,ऐ,ढ्,ऐढ्,वर्णमेलन,,,
571,ऐ,ण्,ऐण्,वर्णमेलन,,,
572,ऐ,त्,ऐत्,वर्णमेलन,,,
573,ऐ,थ्,ऐथ्,वर्णमेलन,,,
574,ऐ,द्,ऐद्,वर्णमेलन,,,
575,ऐ,ध्,ऐध्,वर्णमेलन,,,
576,ऐ,न्,ऐन्,वर्णमेलन,,,
577,ऐ,प्,ऐप्,वर्णमेलन,,,
578,ऐ,फ्,ऐफ्,वर्णमेलन,,,
579,ऐ,ब्,ऐब्,वर्णमेलन,,,
580,ऐ,भ्,ऐभ्,वर्णमेलन,,,
581,ऐ,म्,ऐम्,वर्णमेलन,,,
582,ऐ,य्,ऐय्,वर्णमेलन,,,
583,ऐ,र्,ऐर्,वर्णमेलन,,,
584,ऐ,ल्,ऐल्,वर्णमेलन,,,
585,ऐ,व्,ऐव्,वर्णमेलन,,,
586,ऐ,श्,ऐश्,वर्णमेलन,,,
587,ऐ,ष्,ऐष्,वर्णमेलन,,,
588,ऐ,स्,ऐस्,वर्णमेलन,,,
589,ऐ,ह्,ऐह्,वर्णमेलन,,,
590,ओ,अ,ओऽ,पूर्वरूप,6.1.109,,
591,ओ,अं,ओंऽ,पूर्वरूप,6.1.109,,
592,ओ,आ,अवा,यान्तवान्त,6.1.78,,"When followed by a स्वर, the letters of the एच् प्रत्याहार are respectively converted to अय्, अव्, आय् and आव् in the context of संहिता. "",
   "
593,ओ,आ,अ आ,लोप,8.3.19,,
594,ओ,इ,अवि,यान्तवान्त,6.1.78,,"When followed by a स्वर, the letters of the एच् प्रत्याहार are respectively converted to अय्, अव्, आय् and आव् in the context of संहिता. "",
   "
595,ओ,इ,अ इ,लोप,8.3.19,,
596,ओ,ई,अवी,यान्तवान्त,6.1.78,,"When followed by a स्वर, the letters of the एच् प्रत्याहार are respectively converted to अय्, अव्, आय् and आव् in the context of संहिता. "",
   "
597,ओ,ई,अ ई,लोप,8.3.19,,
598,ओ,उ,अवु,यान्तवान्त,6.1.78,,"When followed by a स्वर, the letters of the एच् प्रत्याहार are respectively converted to अय्, अव्, आय् and आव् in the context of संहिता. "",
   "
599,ओ,उ,अ उ,लोप,8.3.19,,
600,ओ,ऊ,अवू,यान्तवान्त,6.1.78,,"When followed by a स्वर, the letters of the एच् प्रत्याहार are respectively converted to अय्, अव्, आय् and आव् in the context of संहिता. "",
   "
601,ओ,ऊ,अ ऊ,लोप,8.3.19,,
602,ओ,ऋ,अवृ,यान्तवान्त,6.1.78,,"When followed by a स्वर, the letters of the एच् प्रत्याहार are respectively converted to अय्, अव्, आय् and आव् in the context of संहिता. "","
603,ओ,ऋ,अ ऋ,लोप,8.3.19,,
604,ओ,़,अव़्,यान्तवान्त,6.1.78,,"When followed by a स्वर, the letters of the एच् प्रत्याहार are respectively converted to अय्, अव्, आय् and आव् in the context of संहिता. "","
605,ओ,़,अ ़,लोप,8.3.19,,
606,ओ,ऌ,अवॢ,यान्तवान्त,6.1.78,,"When followed by a स्वर, the letters of the एच् प्रत्याहार are respectively converted to अय्, अव्, आय् and आव् in the context of संहिता. "","
607,ओ,ऌ,अ ऌ,लोप,8.3.19,,
608,ओ,ए,अवे,यान्तवान्त,6.1.78,,"When followed by a स्वर, the letters of the एच् प्रत्याहार are respectively converted to अय्, अव्, आय् and आव् in the context of संहिता. "","
609,ओ,ए,अ ए,लोप,8.3.19,,
610,ओ,ऐ,अवै,यान्तवान्त,6.1.78,,"When followed by a स्वर, the letters of the एच् प्रत्याहार are respectively converted to अय्, अव्, आय् and आव् in the context of संहिता. "","
611,ओ,ऐ,अ ऐ,लोप,8.3.19,,
612,ओ,ओ,अवो,यान्तवान्त,6.1.78,,"When followed by a स्वर, the letters of the एच् प्रत्याहार are respectively converted to अय्, अव्, आय् and आव् in the context of संहिता. "","
613,ओ,ओ,अ ओ,लोप,8.3.19,,
614,ओ,औ,अवौ,यान्तवान्त,6.1.78,,"When followed by a स्वर, the letters of the एच् प्रत्याहार are respectively converted to अय्, अव्, आय् and आव् in the context of संहिता. "","
615,ओ,औ,अ औ,लोप,8.3.19,,
616,ओ,क्,ओक्,वर्णमेलन,,,
617,ओ,ख्,ओख्,वर्णमेलन,,,
618,ओ,ग्,ओग्,वर्णमेलन,,,
619,ओ,घ्,ओघ्,वर्णमेलन,,,
620,ओ,ङ्,ओङ्,वर्णमेलन,,,
621,ओ,च्,ओच्,वर्णमेलन,,,
622,ओ,छ्,ओच्छ्,तुगागम -> श्चुत्व,6.1.76; 8.4.40,,
623,ओ,छ्,ओछ्,पक्षे तुगभावः,,,
624,ओ,ज्,ओज्,वर्णमेलन,,,
625,ओ,झ्,ओझ्,वर्णमेलन,,,
626,ओ,ञ्,ओञ्,वर्णमेलन,,,
627,ओ,ट्,ओट्,वर्णमेलन,,,
628,ओ,ठ्,ओठ्,वर्णमेलन,,,
629,ओ,ड्,ओड्,वर्णमेलन,,,
630,ओ,ढ्,ओढ्,वर्णमेलन,,,
631,ओ,ण्,ओण्,वर्णमेलन,,,
632,ओ,त्,ओत्,वर्णमेलन,,,
633,ओ,थ्,ओथ्,वर्णमेलन,,,
634,ओ,द्,ओद्,वर्णमेलन,,,
635,ओ,ध्,ओध्,वर्णमेलन,,,
636,ओ,न्,ओन्,वर्णमेलन,,,
637,ओ,प्,ओप्,वर्णमेलन,,,
638,ओ,फ्,ओफ्,वर्णमेलन,,,
639,ओ,ब्,ओब्,वर्णमेलन,,,
640,ओ,भ्,ओभ्,वर्णमेलन,,,
641,ओ,म्,ओम्,वर्णमेलन,,,
642,ओ,य्,ओय्,वर्णमेलन,,,
643,ओ,र्,ओर्,वर्णमेलन,,,
644,ओ,ल्,ओल्,वर्णमेलन,,,
645,ओ,व्,ओव्,वर्णमेलन,,,
646,ओ,श्,ओश्,वर्णमेलन,,,
647,ओ,ष्,ओष्,वर्णमेलन,,,
648,ओ,स्,ओस्,वर्णमेलन,,,
649,ओ,ह्,ओह्,वर्णमेलन,,,
650,औ,अ,आव,यान्तवान्त,6.1.78,,"When followed by a स्वर, the letters of the एच् प्रत्याहार are respectively converted to अय्, अव्, आय् and आव् in the context of संहिता. "","
651,औ,अ,आ अ,लोप,8.3.19,"According to Shakalya, a वकार/यकार present at end of a  पद and situated after अ/आ gets removed when it is followed by a letter from अश् प्रत्याहार in the context of संहिता.\n,",
652,औ,आ,आवा,यान्तवान्त,6.1.78,,"When followed by a स्वर, the letters of the एच् प्रत्याहार are respectively converted to अय्, अव्, आय् and आव् in the context of संहिता. "","
653,औ,आ,आ आ,लोप,8.3.19,"According to Shakalya, a वकार/यकार present at end of a  पद and situated after अ/आ gets removed when it is followed by a letter from अश् प्रत्याहार in the context of संहिता.\n,",
654,औ,इ,आवि,यान्तवान्त,6.1.78,,"When followed by a स्वर, the letters of the एच् प्रत्याहार are respectively converted to अय्, अव्, आय् and आव् in the context of संहिता. "","
655,औ,इ,आ इ,लोप,8.3.19,"According to Shakalya, a वकार/यकार present at end of a  पद and situated after अ/आ gets removed when it is followed by a letter from अश् प्रत्याहार in the context of संहिता.\n,",
656,औ,ई,आवी,यान्तवान्त,6.1.78,,"When followed by a स्वर, the letters of the एच् प्रत्याहार are respectively converted to अय्, अव्, आय् and आव् in the context of संहिता. "","
657,औ,ई,आ ई,लोप,8.3.19,"According to Shakalya, a वकार/यकार present at end of a  पद and situated after अ/आ gets removed when it is followed by a letter from अश् प्रत्याहार in the context of संहिता.\n,",
658,औ,उ,आवु,यान्तवान्त,6.1.78,,"When followed by a स्वर, the letters of the एच् प्रत्याहार are respectively converted to अय्, अव्, आय् and आव् in the context of संहिता. "","
659,औ,उ,आ उ,लोप,8.3.19,"According to Shakalya, a वकार/यकार present at end of a  पद and situated after अ/आ gets removed when it is followed by a letter from अश् प्रत्याहार in the context of संहिता.\n,",
660,औ,ऊ,आवू,यान्तवान्त,6.1.78,,"When followed by a स्वर, the letters of the एच् प्रत्याहार are respectively converted to अय्, अव्, आय् and आव् in the context of संहिता. "","
661,औ,ऊ,आ ऊ,लोप,8.3.19,"According to Shakalya, a वकार/यकार present at end of a  पद and situated after अ/आ gets removed when it is followed by a letter from अश् प्रत्याहार in the context of संहिता.\n,",
662,औ,ऋ,आवृ,यान्तवान्त,6.1.78,,"When followed by a स्वर, the letters of the एच् प्रत्याहार are respectively converted to अय्, अव्, आय् and आव् in the context of संहिता. "","
663,औ,ऋ,आ ऋ,लोप,8.3.19,"According to Shakalya, a वकार/यकार present at end of a  पद and situated after अ/आ gets removed when it is followed by a letter from अश् प्रत्याहार in the context of संहिता.\n,",
664,औ,़,आव़्,यान्तवान्त,6.1.78,,"When followed by a स्वर, the letters of the एच् प्रत्याहार are respectively converted to अय्, अव्, आय् and आव् in the context of संहिता. "","
665,औ,़,आ ़,लोप,8.3.19,"According to Shakalya, a वकार/यकार present at end of a  पद and situated after अ/आ gets removed when it is followed by a letter from अश् प्रत्याहार in the context of संहिता.\n,",
666,औ,ऌ,आवॢ,यान्तवान्त,6.1.78,,"When followed by a स्वर, the letters of the एच् प्रत्याहार are respectively converted to अय्, अव्, आय् and आव् in the context of संहिता. "","
667,औ,ऌ,आ ऌ,लोप,8.3.19,"According to Shakalya, a वकार/यकार present at end of a  पद and situated after अ/आ gets removed when it is followed by a letter from अश् प्रत्याहार in the context of संहिता.\n,",
668,औ,ए,आवे,यान्तवान्त,6.1.78,,"When followed by a स्वर, the letters of the एच् प्रत्याहार are respectively converted to अय्, अव्, आय् and आव् in the context of संहिता. "","
669,औ,ए,आ ए,लोप,8.3.19,"According to Shakalya, a वकार/यकार present at end of a  पद and situated after अ/आ gets removed when it is followed by a letter from अश् प्रत्याहार in the context of संहिता.\n,",
670,औ,ऐ,आवै,यान्तवान्त,6.1.78,,"When followed by a स्वर, the letters of the एच् प्रत्याहार are respectively converted to अय्, अव्, आय् and आव् in the context of संहिता. "","
671,औ,ऐ,आ ऐ,लोप,8.3.19,"According to Shakalya, a वकार/यकार present at end of a  पद and situated after अ/आ gets removed when it is followed by a letter from अश् प्रत्याहार in the context of संहिता.\n,",
672,औ,ओ,आवो,यान्तवान्त,6.1.78,,"When followed by a स्वर, the letters of the एच् प्रत्याहार are respectively converted to अय्, अव्, आय् and आव् in the context of संहिता. "","
673,औ,ओ,आ ओ,लोप,8.3.19,"According to Shakalya, a वकार/यकार present at end of a  पद and situated after अ/आ gets removed when it is followed by a letter from अश् प्रत्याहार in the context of संहिता.\n,",
674,औ,औ,आवौ,यान्तवान्त,6.1.78,,"When followed by a स्वर, the letters of the एच् प्रत्याहार are respectively converted to अय्, अव्, आय् and आव् in the context of संहिता. "","
675,औ,औ,आ औ,लोप,8.3.19,"""According to Shakalya, a वकार/यकार present at end of a  पद and situated after अ/आ gets removed when it is followed by a letter from अश् प्रत्याहार in the context of संहिता.\n"",
    ",
676,औ,क्,औक्,वर्णमेलन,,,
677,औ,ख्,औख्,वर्णमेलन,,,
678,औ,ग्,औग्,वर्णमेलन,,,
679,औ,घ्,औघ्,वर्णमेलन,,,
680,औ,ङ्,औङ्,वर्णमेलन,,,
681,औ,च्,औच्,वर्णमेलन,,,
682,औ,छ्,औच्छ्,तुगागम -> श्चुत्व,6.1.76; 8.4.40,,
683,औ,छ्,औछ्,पक्षे तुगभावः,,,
684,औ,ज्,औज्,वर्णमेलन,,,
685,औ,झ्,औझ्,वर्णमेलन,,,
686,औ,ञ्,औञ्,वर्णमेलन,,,
687,औ,ट्,औट्,वर्णमेलन,,,
688,औ,ठ्,औठ्,वर्णमेलन,,,
689,औ,ड्,औड्,वर्णमेलन,,,
690,औ,ढ्,औढ्,वर्णमेलन,,,
691,औ,ण्,औण्,वर्णमेलन,,,
692,औ,त्,औत्,वर्णमेलन,,,
693,औ,थ्,औथ्,वर्णमेलन,,,
694,औ,द्,औद्,वर्णमेलन,,,
695,औ,ध्,औध्,वर्णमेलन,,,
696,औ,न्,औन्,वर्णमेलन,,,
697,औ,प्,औप्,वर्णमेलन,,,
698,औ,फ्,औफ्,वर्णमेलन,,,
699,औ,ब्,औब्,वर्णमेलन,,,
700,औ,भ्,औभ्,वर्णमेलन,,,
701,औ,म्,औम्,वर्णमेलन,,,
702,औ,य्,औय्,वर्णमेलन,,,
703,औ,र्,और्,वर्णमेलन,,,
704,औ,ल्,औल्,वर्णमेलन,,,
705,औ,व्,औव्,वर्णमेलन,,,
706,औ,श्,औश्,वर्णमेलन,,,
707,औ,ष्,औष्,वर्णमेलन,,,
708,औ,स्,औस्,वर्णमेलन,,,
709,औ,ह्,औह्,वर्णमेलन,,,
710,क्,अ,ग,जश्त्व,8.2.39," ""A झल् letter occurring at end of a पद is converted to the corresponding जश् letter."",
    
    ","""A झल् letter occurring at end of a पद is converted to the corresponding जश् letter."",
    "
711,क्,आ,गा,जश्त्व,8.2.39,"""A झल् letter occurring at end of a पद is converted to the corresponding जश् letter."",
    ","A झल् letter occurring at end of a पद is converted to the corresponding जश् letter.,"
712,क्,इ,गि,जश्त्व,8.2.39,"A झल् letter occurring at end of a पद is converted to the corresponding जश् letter.,","A झल् letter occurring at end of a पद is converted to the corresponding जश् letter.,"
713,क्,ई,गी,जश्त्व,8.2.39,"A झल् letter occurring at end of a पद is converted to the corresponding जश् letter.,","A झल् letter occurring at end of a पद is converted to the corresponding जश् letter.,"
714,क्,उ,गु,जश्त्व,8.2.39," ""A झल् letter occurring at end of a पद is converted to the corresponding जश् letter."",
    ","A झल् letter occurring at end of a पद is converted to the corresponding जश् letter.,"
715,क्,ऊ,गू,जश्त्व,8.2.39," ""A झल् letter occurring at end of a पद is converted to the corresponding जश् letter."",
    ","A झल् letter occurring at end of a पद is converted to the corresponding जश् letter.,"
716,क्,ऋ,गृ,जश्त्व,8.2.39," ""A झल् letter occurring at end of a पद is converted to the corresponding जश् letter."",
    ","A झल् letter occurring at end of a पद is converted to the corresponding जश् letter.,"
717,क्,़,ग़्,जश्त्व,8.2.39," ""A झल् letter occurring at end of a पद is converted to the corresponding जश् letter."",
    ","A झल् letter occurring at end of a पद is converted to the corresponding जश् letter.,"
718,क्,ऌ,गॢ,जश्त्व,8.2.39,"A झल् letter occurring at end of a पद is converted to the corresponding जश् letter.,","A झल् letter occurring at end of a पद is converted to the corresponding जश् letter.,"
719,क्,ए,गे,जश्त्व,8.2.39,"A झल् letter occurring at end of a पद is converted to the corresponding जश् letter.,","A झल् letter occurring at end of a पद is converted to the corresponding जश् letter.,"
720,क्,ऐ,गै,जश्त्व,8.2.39," ""A झल् letter occurring at end of a पद is converted to the corresponding जश् letter."",
    ","A झल् letter occurring at end of a पद is converted to the corresponding जश् letter.,"
721,क्,ओ,गो,जश्त्व,8.2.39,"A झल् letter occurring at end of a पद is converted to the corresponding जश् letter.,","A झल् letter occurring at end of a पद is converted to the corresponding जश् letter.,"
722,क्,औ,गौ,जश्त्व,8.2.39," ""A झल् letter occurring at end of a पद is converted to the corresponding जश् letter."",
    ","A झल् letter occurring at end of a पद is converted to the corresponding जश् letter.,"
723,क्,क्,क्क्,चर्त्व,8.4.55,,
724,क्,ख्,क्ख्,चर्त्व,8.4.55,,
725,क्,ग्,ग्ग्,जश्त्व,8.4.53,,
726,क्,घ्,ग्घ्,जश्त्व,8.4.53,,
727,क्,ङ्,ग्ङ्,जश्त्व,8.2.39,"A झल् letter occurring at end of a पद is converted to the corresponding जश् letter.,","A झल् letter occurring at end of a पद is converted to the corresponding जश् letter.,"
728,क्,ङ्,ङ्ङ्,अनुनासिक,8.4.45,,
729,क्,च्,क्च्,चर्त्व,8.4.55,,
730,क्,छ्,क्छ्,चर्त्व,8.4.55,,
731,क्,ज्,ग्ज्,जश्त्व,8.4.53,,
732,क्,झ्,ग्झ्,जश्त्व,8.4.53,,
733,क्,ञ्,ग्ञ्,जश्त्व,8.2.39,"A झल् letter occurring at end of a पद is converted to the corresponding जश् letter.,","A झल् letter occurring at end of a पद is converted to the corresponding जश् letter.,"
734,क्,ञ्,ङ्ञ्,अनुनासिक,8.4.45,,
735,क्,ट्,क्ट्,चर्त्व,8.4.55,,
736,क्,ठ्,क्ठ्,चर्त्व,8.4.55,,
737,क्,ड्,ग्ड्,जश्त्व,8.4.53,,
738,क्,ढ्,ग्ढ्,जश्त्व,8.4.53,,
739,क्,ण्,ग्ण्,जश्त्व,8.2.39,"A झल् letter occurring at end of a पद is converted to the corresponding जश् letter.,","""A झल् letter occurring at end of a पद is converted to the corresponding जश् letter."",
    """
740,क्,ण्,ङ्ण्,अनुनासिक,8.4.45,,
741,क्,त्,क्त्,चर्त्व,8.4.55,,
742,क्,थ्,क्थ्,चर्त्व,8.4.55,,
743,क्,द्,ग्द्,जश्त्व,8.4.53,,
744,क्,ध्,ग्ध्,जश्त्व,8.4.53,,
745,क्,न्,ग्न्,जश्त्व,8.2.39,"A झल् letter occurring at end of a पद is converted to the corresponding जश् letter.,","A झल् letter occurring at end of a पद is converted to the corresponding जश् letter.,"
746,क्,न्,ङ्न्,अनुनासिक,8.4.45,,
747,क्,प्,क्प्,चर्त्व,8.4.55,,
748,क्,फ्,क्फ्,चर्त्व,8.4.55,,
749,क्,ब्,ग्ब्,जश्त्व,8.4.53,,
750,क्,भ्,ग्भ्,जश्त्व,8.4.53,,
751,क्,म्,ग्म्,जश्त्व,8.2.39,"A झल् letter occurring at end of a पद is converted to the corresponding जश् letter.,","A झल् letter occurring at end of a पद is converted to the corresponding जश् letter.,"
752,क्,म्,ङ्म्,अनुनासिक,8.4.45,,
753,क्,य्,ग्य्,जश्त्व,8.2.39,"A झल् letter occurring at end of a पद is converted to the corresponding जश् letter.,","A झल् letter occurring at end of a पद is converted to the corresponding जश् letter.,"
754,क्,र्,ग्र्,जश्त्व,8.2.39,"A झल् letter occurring at end of a पद is converted to the corresponding जश् letter.,","A झल् letter occurring at end of a पद is converted to the corresponding जश् letter.,"
755,क्,ल्,ग्ल्,जश्त्व,8.2.39," ""A झल् letter occurring at end of a पद is converted to the corresponding जश् letter."",
    ""","A झल् letter occurring at end of a पद is converted to the corresponding जश् letter.,"
756,क्,व्,ग्व्,जश्त्व,8.2.39,"A झल् letter occurring at end of a पद is converted to the corresponding जश् letter.,","A झल् letter occurring at end of a पद is converted to the corresponding जश् letter.,"
757,क्,श्,क्श्,चर्त्व,8.4.55,,
758,क्,ष्,क्ष्,चर्त्व,8.4.55,,
759,क्,स्,क्स्,चर्त्व,8.4.55,,
760,क्,ह्,ग्ह्,जश्त्व,8.2.39,,
761,क्,ह्,ग्घ्,पूर्वसवर्ण,8.4.62,,
762,ख्,अ,ग,जश्त्व,8.2.39,"A झल् letter occurring at end of a पद is converted to the corresponding जश् letter.,","A झल् letter occurring at end of a पद is converted to the corresponding जश् letter.,"
763,ख्,आ,गा,जश्त्व,8.2.39," ""A झल् letter occurring at end of a पद is converted to the corresponding जश् letter."",
    ","A झल् letter occurring at end of a पद is converted to the corresponding जश् letter.,"
764,ख्,इ,गि,जश्त्व,8.2.39,"A झल् letter occurring at end of a पद is converted to the corresponding जश् letter.,","A झल् letter occurring at end of a पद is converted to the corresponding जश् letter.,"
765,ख्,ई,गी,जश्त्व,8.2.39,"A झल् letter occurring at end of a पद is converted to the corresponding जश् letter.,","A झल् letter occurring at end of a पद is converted to the corresponding जश् letter.,"
766,ख्,उ,गु,जश्त्व,8.2.39,"A झल् letter occurring at end of a पद is converted to the corresponding जश् letter.,","A झल् letter occurring at end of a पद is converted to the corresponding जश् letter.,"
767,ख्,ऊ,गू,जश्त्व,8.2.39,"A झल् letter occurring at end of a पद is converted to the corresponding जश् letter.,","A झल् letter occurring at end of a पद is converted to the corresponding जश् letter.,"
768,ख्,ऋ,गृ,जश्त्व,8.2.39,"A झल् letter occurring at end of a पद is converted to the corresponding जश् letter.,","A झल् letter occurring at end of a पद is converted to the corresponding जश् letter.,"
769,ख्,़,ग़्,जश्त्व,8.2.39,"A झल् letter occurring at end of a पद is converted to the corresponding जश् letter.,","A झल् letter occurring at end of a पद is converted to the corresponding जश् letter.,"
770,ख्,ऌ,गॢ,जश्त्व,8.2.39,"A झल् letter occurring at end of a पद is converted to the corresponding जश् letter.,","A झल् letter occurring at end of a पद is converted to the corresponding जश् letter.,"
771,ख्,ए,गे,जश्त्व,8.2.39,"A झल् letter occurring at end of a पद is converted to the corresponding जश् letter.,","A झल् letter occurring at end of a पद is converted to the corresponding जश् letter.,"
772,ख्,ऐ,गै,जश्त्व,8.2.39,"A झल् letter occurring at end of a पद is converted to the corresponding जश् letter.,","A झल् letter occurring at end of a पद is converted to the corresponding जश् letter.,"
773,ख्,ओ,गो,जश्त्व,8.2.39,"A झल् letter occurring at end of a पद is converted to the corresponding जश् letter.,","A झल् letter occurring at end of a पद is converted to the corresponding जश् letter.,"
774,ख्,औ,गौ,जश्त्व,8.2.39,"A झल् letter occurring at end of a पद is converted to the corresponding जश् letter.,","A झल् letter occurring at end of a पद is converted to the corresponding जश् letter.,"
775,ख्,क्,क्क्,चर्त्व,8.4.55,,
776,ख्,ख्,क्ख्,चर्त्व,8.4.55,,
777,ख्,ग्,ग्ग्,जश्त्व,8.4.53,,
778,ख्,घ्,ग्घ्,जश्त्व,8.4.53,,
779,ख्,ङ्,ग्ङ्,जश्त्व,8.2.39,"A झल् letter occurring at end of a पद is converted to the corresponding जश् letter.,","A झल् letter occurring at end of a पद is converted to the corresponding जश् letter.,"
780,ख्,ङ्,ङ्ङ्,अनुनासिक,8.4.45,,
781,ख्,च्,क्च्,चर्त्व,8.4.55,,
782,ख्,छ्,क्छ्,चर्त्व,8.4.55,,
783,ख्,ज्,ग्ज्,जश्त्व,8.4.53,,
784,ख्,झ्,ग्झ्,जश्त्व,8.4.53,,
785,ख्,ञ्,ग्ञ्,जश्त्व,8.2.39,,"A झल् letter occurring at end of a पद is converted to the corresponding जश् letter.,"
786,ख्,ञ्,ङ्ञ्,अनुनासिक,8.4.45,,
787,ख्,ट्,क्ट्,चर्त्व,8.4.55,,
788,ख्,ठ्,क्ठ्,चर्त्व,8.4.55,,
789,ख्,ड्,ग्ड्,जश्त्व,8.4.53,,
790,ख्,ढ्,ग्ढ्,जश्त्व,8.4.53,,
791,ख्,ण्,ग्ण्,जश्त्व,8.2.39,"A झल् letter occurring at end of a पद is converted to the corresponding जश् letter.,","A झल् letter occurring at end of a पद is converted to the corresponding जश् letter.,"
792,ख्,ण्,ङ्ण्,अनुनासिक,8.4.45,,
793,ख्,त्,क्त्,चर्त्व,8.4.55,,
794,ख्,थ्,क्थ्,चर्त्व,8.4.55,,
795,ख्,द्,ग्द्,जश्त्व,8.4.53,,
796,ख्,ध्,ग्ध्,जश्त्व,8.4.53,,
797,ख्,न्,ग्न्,जश्त्व,8.2.39,"A झल् letter occurring at end of a पद is converted to the corresponding जश् letter.,","A झल् letter occurring at end of a पद is converted to the corresponding जश् letter.,"
798,ख्,न्,ङ्न्,अनुनासिक,8.4.45,,
799,ख्,प्,क्प्,चर्त्व,8.4.55,,
800,ख्,फ्,क्फ्,चर्त्व,8.4.55,,
801,ख्,ब्,ग्ब्,जश्त्व,8.4.53,,
802,ख्,भ्,ग्भ्,जश्त्व,8.4.53,,
803,ख्,म्,ग्म्,जश्त्व,8.2.39,"A झल् letter occurring at end of a पद is converted to the corresponding जश् letter.,","A झल् letter occurring at end of a पद is converted to the corresponding जश् letter.,"
804,ख्,म्,ङ्म्,अनुनासिक,8.4.45,,
805,ख्,य्,ग्य्,जश्त्व,8.2.39,"A झल् letter occurring at end of a पद is converted to the corresponding जश् letter.,","A झल् letter occurring at end of a पद is converted to the corresponding जश् letter.,"
806,ख्,र्,ग्र्,जश्त्व,8.2.39,"A झल् letter occurring at end of a पद is converted to the corresponding जश् letter.,","A झल् letter occurring at end of a पद is converted to the corresponding जश् letter.,"
807,ख्,ल्,ग्ल्,जश्त्व,8.2.39,"A झल् letter occurring at end of a पद is converted to the corresponding जश् letter.,","A झल् letter occurring at end of a पद is converted to the corresponding जश् letter.,"
808,ख्,व्,ग्व्,जश्त्व,8.2.39,"A झल् letter occurring at end of a पद is converted to the corresponding जश् letter.,","A झल् letter occurring at end of a पद is converted to the corresponding जश् letter.,"
809,ख्,श्,क्श्,चर्त्व,8.4.55,,
810,ख्,ष्,क्ष्,चर्त्व,8.4.55,,
811,ख्,स्,क्स्,चर्त्व,8.4.55,,
812,ख्,ह्,ग्ह्,जश्त्व,8.2.39,,
813,ख्,ह्,ग्घ्,पूर्वसवर्ण,8.4.62,,
814,ग्,अ,ग,जश्त्व,8.2.39,"A झल् letter occurring at end of a पद is converted to the corresponding जश् letter.,","A झल् letter occurring at end of a पद is converted to the corresponding जश् letter.,"
815,ग्,आ,गा,जश्त्व,8.2.39,"A झल् letter occurring at end of a पद is converted to the corresponding जश् letter.,","A झल् letter occurring at end of a पद is converted to the corresponding जश् letter.,"
816,ग्,इ,गि,जश्त्व,8.2.39,"A झल् letter occurring at end of a पद is converted to the corresponding जश् letter.,","A झल् letter occurring at end of a पद is converted to the corresponding जश् letter.,"
817,ग्,ई,गी,जश्त्व,8.2.39,"A झल् letter occurring at end of a पद is converted to the corresponding जश् letter.,","A झल् letter occurring at end of a पद is converted to the corresponding जश् letter.,"
818,ग्,उ,गु,जश्त्व,8.2.39,"A झल् letter occurring at end of a पद is converted to the corresponding जश् letter.,","A झल् letter occurring at end of a पद is converted to the corresponding जश् letter.,"
819,ग्,ऊ,गू,जश्त्व,8.2.39,"A झल् letter occurring at end of a पद is converted to the corresponding जश् letter.,","A झल् letter occurring at end of a पद is converted to the corresponding जश् letter.,"
820,ग्,ऋ,गृ,जश्त्व,8.2.39,"A झल् letter occurring at end of a पद is converted to the corresponding जश् letter.,","A झल् letter occurring at end of a पद is converted to the corresponding जश् letter.,"
821,ग्,़,ग़्,जश्त्व,8.2.39,"A झल् letter occurring at end of a पद is converted to the corresponding जश् letter.,","A झल् letter occurring at end of a पद is converted to the corresponding जश् letter.,"
822,ग्,ऌ,गॢ,जश्त्व,8.2.39," ""A झल् letter occurring at end of a पद is converted to the corresponding जश् letter."",
    ","A झल् letter occurring at end of a पद is converted to the corresponding जश् letter.,"
823,ग्,ए,गे,जश्त्व,8.2.39,"""A झल् letter occurring at end of a पद is converted to the corresponding जश् letter."",
    ","A झल् letter occurring at end of a पद is converted to the corresponding जश् letter.,"
824,ग्,ऐ,गै,जश्त्व,8.2.39,"A झल् letter occurring at end of a पद is converted to the corresponding जश् letter.,","A झल् letter occurring at end of a पद is converted to the corresponding जश् letter.,"
825,ग्,ओ,गो,जश्त्व,8.2.39,"A झल् letter occurring at end of a पद is converted to the corresponding जश् letter.,","A झल् letter occurring at end of a पद is converted to the corresponding जश् letter.,"
826,ग्,औ,गौ,जश्त्व,8.2.39,"A झल् letter occurring at end of a पद is converted to the corresponding जश् letter.,","A झल् letter occurring at end of a पद is converted to the corresponding जश् letter.,"
827,ग्,क्,क्क्,चर्त्व,8.4.55,,
828,ग्,ख्,क्ख्,चर्त्व,8.4.55,,
829,ग्,ग्,ग्ग्,जश्त्व,8.4.53,,
830,ग्,घ्,ग्घ्,जश्त्व,8.4.53,,
831,ग्,ङ्,ग्ङ्,जश्त्व,8.2.39,"A झल् letter occurring at end of a पद is converted to the corresponding जश् letter.,","A झल् letter occurring at end of a पद is converted to the corresponding जश् letter.,"
832,ग्,ङ्,ङ्ङ्,अनुनासिक,8.4.45,,
833,ग्,च्,क्च्,चर्त्व,8.4.55,,
834,ग्,छ्,क्छ्,चर्त्व,8.4.55,,
835,ग्,ज्,ग्ज्,जश्त्व,8.4.53,,
836,ग्,झ्,ग्झ्,जश्त्व,8.4.53,,
837,ग्,ञ्,ग्ञ्,जश्त्व,8.2.39,"A झल् letter occurring at end of a पद is converted to the corresponding जश् letter.,","""A झल् letter occurring at end of a पद is converted to the corresponding जश् letter."",
    """
838,ग्,ञ्,ङ्ञ्,अनुनासिक,8.4.45,,
839,ग्,ट्,क्ट्,चर्त्व,8.4.55,,
840,ग्,ठ्,क्ठ्,चर्त्व,8.4.55,,
841,ग्,ड्,ग्ड्,जश्त्व,8.4.53,,
842,ग्,ढ्,ग्ढ्,जश्त्व,8.4.53,,
843,ग्,ण्,ग्ण्,जश्त्व,8.2.39,"A झल् letter occurring at end of a पद is converted to the corresponding जश् letter.,","""A झल् letter occurring at end of a पद is converted to the corresponding जश् letter."",
    """
844,ग्,ण्,ङ्ण्,अनुनासिक,8.4.45,,
845,ग्,त्,क्त्,चर्त्व,8.4.55,,
846,ग्,थ्,क्थ्,चर्त्व,8.4.55,,
847,ग्,द्,ग्द्,जश्त्व,8.4.53,,
848,ग्,ध्,ग्ध्,जश्त्व,8.4.53,,
849,ग्,न्,ग्न्,जश्त्व,8.2.39,"A झल् letter occurring at end of a पद is converted to the corresponding जश् letter.,","""A झल् letter occurring at end of a पद is converted to the corresponding जश् letter."",
    """
850,ग्,न्,ङ्न्,अनुनासिक,8.4.45,,
851,ग्,प्,क्प्,चर्त्व,8.4.55,,
852,ग्,फ्,क्फ्,चर्त्व,8.4.55,,
853,ग्,ब्,ग्ब्,जश्त्व,8.4.53,,
854,ग्,भ्,ग्भ्,जश्त्व,8.4.53,,
855,ग्,म्,ग्म्,जश्त्व,8.2.39,,
856,ग्,म्,ङ्म्,अनुनासिक,8.4.45,,
857,ग्,य्,ग्य्,जश्त्व,8.2.39,,
858,ग्,र्,ग्र्,जश्त्व,8.2.39,,
859,ग्,ल्,ग्ल्,जश्त्व,8.2.39,,
860,ग्,व्,ग्व्,जश्त्व,8.2.39,,
861,ग्,श्,क्श्,चर्त्व,8.4.55,,
862,ग्,ष्,क्ष्,चर्त्व,8.4.55,,
863,ग्,स्,क्स्,चर्त्व,8.4.55,,
864,ग्,ह्,ग्घ्,पूर्वसवर्ण,8.4.62,,
865,ग्,ह्,ग्ह्,जश्त्व,8.2.39,"A झल् letter occurring at end of a पद is converted to the corresponding जश् letter.,","""A झल् letter occurring at end of a पद is converted to the corresponding जश् letter."",
    """
866,घ्,अ,ग,जश्त्व,8.2.39,"A झल् letter occurring at end of a पद is converted to the corresponding जश् letter.,","""A झल् letter occurring at end of a पद is converted to the corresponding जश् letter."",
    """
867,घ्,आ,गा,जश्त्व,8.2.39,"A झल् letter occurring at end of a पद is converted to the corresponding जश् letter.,","""A झल् letter occurring at end of a पद is converted to the corresponding जश् letter."",
    """
868,घ्,इ,गि,जश्त्व,8.2.39,"A झल् letter occurring at end of a पद is converted to the corresponding जश् letter.,","""A झल् letter occurring at end of a पद is converted to the corresponding जश् letter."",
    """
869,घ्,ई,गी,जश्त्व,8.2.39,"""A झल् letter occurring at end of a पद is converted to the corresponding जश् letter."",
    ","""A झल् letter occurring at end of a पद is converted to the corresponding जश् letter."",
    """
870,घ्,उ,गु,जश्त्व,8.2.39,"A झल् letter occurring at end of a पद is converted to the corresponding जश् letter.,","""A झल् letter occurring at end of a पद is converted to the corresponding जश् letter."",
    """
871,घ्,ऊ,गू,जश्त्व,8.2.39,"""A झल् letter occurring at end of a पद is converted to the corresponding जश् letter."",
    ","""A झल् letter occurring at end of a पद is converted to the corresponding जश् letter."",
    """
872,घ्,ऋ,गृ,जश्त्व,8.2.39,"""A झल् letter occurring at end of a पद is converted to the corresponding जश् letter."",
    ","""A झल् letter occurring at end of a पद is converted to the corresponding जश् letter."",
    """
873,घ्,़,ग़्,जश्त्व,8.2.39,"A झल् letter occurring at end of a पद is converted to the corresponding जश् letter.,","""A झल् letter occurring at end of a पद is converted to the corresponding जश् letter."",
    """
874,घ्,ऌ,गॢ,जश्त्व,8.2.39,"A झल् letter occurring at end of a पद is converted to the corresponding जश् letter.,","A झल् letter occurring at end of a पद is converted to the corresponding जश् letter.,"
875,घ्,ए,गे,जश्त्व,8.2.39,"""A झल् letter occurring at end of a पद is converted to the corresponding जश् letter."",
    ","""A झल् letter occurring at end of a पद is converted to the corresponding जश् letter."",
    """
876,घ्,ऐ,गै,जश्त्व,8.2.39,"""A झल् letter occurring at end of a पद is converted to the corresponding जश् letter."",
    ","""A झल् letter occurring at end of a पद is converted to the corresponding जश् letter."",
    """
877,घ्,ओ,गो,जश्त्व,8.2.39,"""A झल् letter occurring at end of a पद is converted to the corresponding जश् letter."",
    ","A झल् letter occurring at end of a पद is converted to the corresponding जश् letter.,"
878,घ्,औ,गौ,जश्त्व,8.2.39,"A झल् letter occurring at end of a पद is converted to the corresponding जश् letter.,","""A झल् letter occurring at end of a पद is converted to the corresponding जश् letter."",
    """
879,घ्,क्,क्क्,चर्त्व,8.4.55,,
880,घ्,ख्,क्ख्,चर्त्व,8.4.55,,
881,घ्,ग्,ग्ग्,जश्त्व,8.4.53,,
882,घ्,घ्,ग्घ्,जश्त्व,8.4.53,,
883,घ्,ङ्,ग्ङ्,जश्त्व,8.2.39,,
884,घ्,ङ्,ङ्ङ्,अनुनासिक,8.4.45,,
885,घ्,च्,क्च्,चर्त्व,8.4.55,,
886,घ्,छ्,क्छ्,चर्त्व,8.4.55,,
887,घ्,ज्,ग्ज्,जश्त्व,8.4.53,,
888,घ्,झ्,ग्झ्,जश्त्व,8.4.53,,
889,घ्,ञ्,ग्ञ्,जश्त्व,8.2.39,,
890,घ्,ञ्,ङ्ञ्,अनुनासिक,8.4.45,,
891,घ्,ट्,क्ट्,चर्त्व,8.4.55,,
892,घ्,ठ्,क्ठ्,चर्त्व,8.4.55,,
893,घ्,ड्,ग्ड्,जश्त्व,8.4.53,,
894,घ्,ढ्,ग्ढ्,जश्त्व,8.4.53,,
895,घ्,ण्,ग्ण्,जश्त्व,8.2.39,"A झल् letter occurring at end of a पद is converted to the corresponding जश् letter.,","""A झल् letter occurring at end of a पद is converted to the corresponding जश् letter."",
    """
896,घ्,ण्,ङ्ण्,अनुनासिक,8.4.45,,
897,घ्,त्,क्त्,चर्त्व,8.4.55,,
898,घ्,थ्,क्थ्,चर्त्व,8.4.55,,
899,घ्,द्,ग्द्,जश्त्व,8.4.53,,
900,घ्,ध्,ग्ध्,जश्त्व,8.4.53,,
901,घ्,न्,ग्न्,जश्त्व,8.2.39,"A झल् letter occurring at end of a पद is converted to the corresponding जश् letter.,","A झल् letter occurring at end of a पद is converted to the corresponding जश् letter.,"
902,घ्,न्,ङ्न्,अनुनासिक,8.4.45,,
903,घ्,प्,क्प्,चर्त्व,8.4.55,,
904,घ्,फ्,क्फ्,चर्त्व,8.4.55,,
905,घ्,ब्,ग्ब्,जश्त्व,8.4.53,,
906,घ्,भ्,ग्भ्,जश्त्व,8.4.53,,
907,घ्,म्,ग्म्,जश्त्व,8.2.39,"A झल् letter occurring at end of a पद is converted to the corresponding जश् letter.,","""A झल् letter occurring at end of a पद is converted to the corresponding जश् letter."",
    """
908,घ्,म्,ङ्म्,अनुनासिक,8.4.45,,
909,घ्,य्,ग्य्,जश्त्व,8.2.39,"A झल् letter occurring at end of a पद is converted to the corresponding जश् letter.,","A झल् letter occurring at end of a पद is converted to the corresponding जश् letter.,"
910,घ्,र्,ग्र्,जश्त्व,8.2.39,"""A झल् letter occurring at end of a पद is converted to the corresponding जश् letter."",
    ","""A झल् letter occurring at end of a पद is converted to the corresponding जश् letter."",
    "
911,घ्,ल्,ग्ल्,जश्त्व,8.2.39,"A झल् letter occurring at end of a पद is converted to the corresponding जश् letter.,","""A झल् letter occurring at end of a पद is converted to the corresponding जश् letter."",
    """
912,घ्,व्,ग्व्,जश्त्व,8.2.39,"A झल् letter occurring at end of a पद is converted to the corresponding जश् letter.,","A झल् letter occurring at end of a पद is converted to the corresponding जश् letter.,"
913,घ्,श्,क्श्,चर्त्व,8.4.55,,
914,घ्,ष्,क्ष्,चर्त्व,8.4.55,,
915,घ्,स्,क्स्,चर्त्व,8.4.55,,
916,घ्,ह्,ग्ह्,जश्त्व,8.2.39,"A झल् letter occurring at end of a पद is converted to the corresponding जश् letter.,","A झल् letter occurring at end of a पद is converted to the corresponding जश् letter.,"
917,घ्,ह्,ग्घ्,पूर्वसवर्ण,8.4.62,,
918,ङ्,अ,ङ,वर्णमेलन,,,
919,ङ्,आ,ङा,वर्णमेलन,,,
920,ङ्,इ,ङि,वर्णमेलन,,,
921,ङ्,ई,ङी,वर्णमेलन,,,
922,ङ्,उ,ङु,वर्णमेलन,,,
923,ङ्,ऊ,ङू,वर्णमेलन,,,
924,ङ्,ऋ,ङृ,वर्णमेलन,,,
925,ङ्,़,ङ़्,वर्णमेलन,,,
926,ङ्,ऌ,ङॢ,वर्णमेलन,,,
927,ङ्,ए,ङे,वर्णमेलन,,,
928,ङ्,ऐ,ङै,वर्णमेलन,,,
929,ङ्,ओ,ङो,वर्णमेलन,,,
930,ङ्,औ,ङौ,वर्णमेलन,,,
931,ङ्,क्,ङ्क्,वर्णमेलन,,,
932,ङ्,ख्,ङ्ख्,वर्णमेलन,,,
933,ङ्,ग्,ङ्ग्,वर्णमेलन,,,
934,ङ्,घ्,ङ्घ्,वर्णमेलन,,,
935,ङ्,ङ्,ङ्ङ्,वर्णमेलन,,,
936,ङ्,च्,ङ्च्,वर्णमेलन,,,
937,ङ्,छ्,ङ्छ्,वर्णमेलन,,,
938,ङ्,ज्,ङ्ज्,वर्णमेलन,,,
939,ङ्,झ्,ङ्झ्,वर्णमेलन,,,
940,ङ्,ञ्,ङ्ञ्,वर्णमेलन,,,
941,ङ्,ट्,ङ्ट्,वर्णमेलन,,,
942,ङ्,ठ्,ङ्ठ्,वर्णमेलन,,,
943,ङ्,ड्,ङ्ड्,वर्णमेलन,,,
944,ङ्,ढ्,ङ्ढ्,वर्णमेलन,,,
945,ङ्,ण्,ङ्ण्,वर्णमेलन,,,
946,ङ्,त्,ङ्त्,वर्णमेलन,,,
947,ङ्,थ्,ङ्थ्,वर्णमेलन,,,
948,ङ्,द्,ङ्द्,वर्णमेलन,,,
949,ङ्,ध्,ङ्ध्,वर्णमेलन,,,
950,ङ्,न्,ङ्न्,वर्णमेलन,,,
951,ङ्,प्,ङ्प्,वर्णमेलन,,,
952,ङ्,फ्,ङ्फ्,वर्णमेलन,,,
953,ङ्,ब्,ङ्ब्,वर्णमेलन,,,
954,ङ्,भ्,ङ्भ्,वर्णमेलन,,,
955,ङ्,म्,ङ्म्,वर्णमेलन,,,
956,ङ्,य्,ङ्य्,वर्णमेलन,,,
957,ङ्,र्,ङ्र्,वर्णमेलन,,,
958,ङ्,ल्,ङ्ल्,वर्णमेलन,,,
959,ङ्,व्,ङ्व्,वर्णमेलन,,,
960,ङ्,श्,ङ्क्श्,कुगागम,8.3.28,,
961,ङ्,श्,ङ्ख्श्,द्वितीयवर्णादेश,,,
962,ङ्,श्,ङ्श्,कुगागमाभाव,,,
963,ङ्,ष्,ङ्क्ष्,कुगागम,8.3.28,,
964,ङ्,ष्,ङ्ख्ष्,द्वितीयवर्णादेश,,,
965,ङ्,ष्,ङ्ष्,कुगागमाभाव,,,
966,ङ्,स्,ङ्क्स्,कुगागमः,8.3.28,,
967,ङ्,स्,ङ्ख्स्,द्वितीयवर्णादेश,,,
968,ङ्,स्,ङ्स्,कुगागमाभाव,,,
969,ङ्,ह्,ङ्ह्,वर्णमेलन,,,
970,च्,अ,ज,जश्त्व,8.2.39,,
971,च्,आ,जा,जश्त्व,8.2.39,,
972,च्,इ,जि,जश्त्व,8.2.39,,
973,च्,ई,जी,जश्त्व,8.2.39,,
974,च्,उ,जु,जश्त्व,8.2.39,,
975,च्,ऊ,जू,जश्त्व,8.2.39,,
976,च्,ऋ,जृ,जश्त्व,8.2.39,,
977,च्,़,ज़्,जश्त्व,8.2.39,,
978,च्,ऌ,जॢ,जश्त्व,8.2.39,,
979,च्,ए,जे,जश्त्व,8.2.39,,
980,च्,ऐ,जै,जश्त्व,8.2.39,,
981,च्,ओ,जो,जश्त्व,8.2.39,,
982,च्,औ,जौ,जश्त्व,8.2.39,,
983,च्,क्,च्क्,चर्त्व,8.4.55,,
984,च्,ख्,च्ख्,चर्त्व,8.4.55,,
985,च्,ग्,ज्ग्,जश्त्व,8.4.53,,
986,च्,घ्,ज्घ्,जश्त्व,8.4.53,,
987,च्,ङ्,ज्ङ्,जश्त्व,8.2.39,,
988,च्,ङ्,ञ्ङ्,अनुनासिक,8.4.45,,
989,च्,च्,च्च्,चर्त्व,8.4.55,,
990,च्,छ्,च्छ्,चर्त्व,8.4.55,,
991,च्,ज्,ज्ज्,जश्त्व,8.4.53,,
992,च्,झ्,ज्झ्,जश्त्व,8.4.53,,
993,च्,ञ्,ज्ञ्,जश्त्व,8.2.39,,
994,च्,ञ्,ञ्ञ्,अनुनासिक,8.4.45,,
995,च्,ट्,च्ट्,चर्त्व,8.4.55,,
996,च्,ठ्,च्ठ्,चर्त्व,8.4.55,,
997,च्,ड्,ज्ड्,जश्त्व,8.4.53,,
998,च्,ढ्,ज्ढ्,जश्त्व,8.4.53,,
999,च्,ण्,ज्ण्,जश्त्व,8.2.39,,
1000,च्,ण्,ञ्ण्,अनुनासिक,8.4.45,,
1001,च्,त्,च्च्,श्चुत्व,8.4.40,,
1002,च्,थ्,च्छ्,श्चुत्व,8.4.40,,
1003,च्,द्,ज्द्,जश्त्व,8.4.53,,
1004,च्,ध्,झ्ध्,जश्त्व,8.4.53,,
1005,च्,न्,च्ञ्,श्चुत्व,,,
1006,च्,प्,च्प्,चर्त्व,8.4.55,,
1007,च्,फ्,च्फ्,चर्त्व,8.4.55,,
1008,च्,ब्,ज्ब्,जश्त्व,8.4.53,,
1009,च्,भ्,ज्भ्,जश्त्व,8.4.53,,
1010,च्,म्,ज्म्,जश्त्व,8.2.39,,
1011,च्,म्,ञ्म्,अनुनासिक,8.4.45,,
1012,च्,य्,ज्य्,जश्त्व,8.2.39,,
1013,च्,र्,ज्र्,जश्त्व,8.2.39,,
1014,च्,ल्,ज्ल्,जश्त्व,8.2.39,,
1015,च्,व्,ज्व्,जश्त्व,8.2.39,,
1016,च्,श्,च्श्,चर्त्व,8.4.55,,
1017,च्,ष्,च्ष्,चर्त्व,8.4.55,,
1018,च्,स्,च्स्,चर्त्व,8.4.55,,
1019,च्,ह्,ज्ह्,जश्त्व,8.2.39,,
1020,च्,ह्,ज्झ्,पूर्वसवर्ण,8.4.62,,
1021,छ्,अ,ज,जश्त्व,8.2.39,,
1022,छ्,आ,जा,जश्त्व,8.2.39,,
1023,छ्,इ,जि,जश्त्व,8.2.39,,
1024,छ्,ई,जी,जश्त्व,8.2.39,,
1025,छ्,उ,जु,जश्त्व,8.2.39,,
1026,छ्,ऊ,जू,जश्त्व,8.2.39,,
1027,छ्,ऋ,जृ,जश्त्व,8.2.39,,
1028,छ्,़,ज़्,जश्त्व,8.2.39,,
1029,छ्,ऌ,जॢ,जश्त्व,8.2.39,,
1030,छ्,ए,जे,जश्त्व,8.2.39,,
1031,छ्,ऐ,जै,जश्त्व,8.2.39,,
1032,छ्,ओ,जो,जश्त्व,8.2.39,,
1033,छ्,औ,जौ,जश्त्व,8.2.39,,
1034,छ्,क्,च्क्,चर्त्व,8.4.55,,
1035,छ्,ख्,च्ख्,चर्त्व,8.4.55,,
1036,छ्,ग्,ज्ग्,जश्त्व,8.4.53,,
1037,छ्,घ्,ज्घ्,जश्त्व,8.4.53,,
1038,छ्,ङ्,ज्ङ्,जश्त्व,8.2.39,,
1039,छ्,ङ्,ञ्ङ्,अनुनासिक,8.4.45,,
1040,छ्,च्,च्च्,चर्त्व,8.4.55,,
1041,छ्,छ्,च्छ्,चर्त्व,8.4.55,,
1042,छ्,ज्,ज्ज्,जश्त्व,8.4.53,,
1043,छ्,झ्,ज्झ्,जश्त्व,8.4.53,,
1044,छ्,ञ्,ज्ञ्,जश्त्व,8.2.39,,
1045,छ्,ञ्,ञ्ञ्,अनुनासिक,8.4.45,,
1046,छ्,ट्,च्ट्,चर्त्व,8.4.55,,
1047,छ्,ठ्,च्ठ्,चर्त्व,8.4.55,,
1048,छ्,ड्,ज्ड्,जश्त्व,8.4.53,,
1049,छ्,ढ्,ज्ढ्,जश्त्व,8.4.53,,
1050,छ्,ण्,ज्ण्,जश्त्व,8.2.39,,
1051,छ्,ण्,ञ्ण्,अनुनासिक,8.4.45,,
1052,छ्,त्,च्च्,श्चुत्व -> चर्त्व,8.4.40; 8.4.55,,
1053,छ्,थ्,च्छ्,श्चुत्व -> चर्त्व,8.4.40; 8.4.55,,
1054,छ्,द्,ज्ज्,श्चुत्व -> जश्त्व,8.4.40; 8.4.53,,
1055,छ्,ध्,झ्झ्,श्चुत्व -> जश्त्व,8.4.40; 8.4.53,,
1056,छ्,न्,ज्ञ्,जश्त्व -> श्चुत्व,8.2.39; 8.4.40,,
1057,छ्,न्,ञ्ञ्,अनुनासिक,8.4.45,,
1058,छ्,प्,च्प्,चर्त्व,8.4.55,,
1059,छ्,फ्,च्फ्,चर्त्व,8.4.55,,
1060,छ्,ब्,ज्ब्,जश्त्व,8.4.53,,
1061,छ्,भ्,ज्भ्,जश्त्व,8.4.53,,
1062,छ्,म्,ज्म्,जश्त्व,8.2.39,,
1063,छ्,म्,ञ्म्,अनुनासिक,8.4.45,,
1064,छ्,य्,ज्य्,जश्त्व,8.2.39,,
1065,छ्,र्,ज्र्,जश्त्व,8.2.39,,
1066,छ्,ल्,ज्ल्,जश्त्व,8.2.39,,
1067,छ्,व्,ज्व्,जश्त्व,8.2.39,,
1068,छ्,श्,च्श्,चर्त्व,8.4.55,,
1069,छ्,ष्,च्ष्,चर्त्व,8.4.55,,
1070,छ्,स्,च्स्,चर्त्व,8.4.55,,
1071,छ्,ह्,ज्ह्,जश्त्व,8.2.39,,
1072,छ्,ह्,ज्झ्,पूर्वसवर्ण,8.4.62,,
1073,ज्,अ,ज,जश्त्व,8.2.39,,
1074,ज्,आ,जा,जश्त्व,8.2.39,,
1075,ज्,इ,जि,जश्त्व,8.2.39,,
1076,ज्,ई,जी,जश्त्व,8.2.39,,
1077,ज्,उ,जु,जश्त्व,8.2.39,,
1078,ज्,ऊ,जू,जश्त्व,8.2.39,,
1079,ज्,ऋ,जृ,जश्त्व,8.2.39,,
1080,ज्,़,ज़्,जश्त्व,8.2.39,,
1081,ज्,ऌ,जॢ,जश्त्व,8.2.39,,
1082,ज्,ए,जे,जश्त्व,8.2.39,,
1083,ज्,ऐ,जै,जश्त्व,8.2.39,,
1084,ज्,ओ,जो,जश्त्व,8.2.39,,
1085,ज्,औ,जौ,जश्त्व,8.2.39,,
1086,ज्,क्,च्क्,चर्त्व,8.4.55,,
1087,ज्,ख्,च्ख्,चर्त्व,8.4.55,,
1088,ज्,ग्,ज्ग्,जश्त्व,8.4.53,,
1089,ज्,घ्,ज्घ्,जश्त्व,8.4.53,,
1090,ज्,ङ्,ज्ङ्,जश्त्व,8.2.39,,
1091,ज्,ङ्,ञ्ङ्,अनुनासिक,8.4.45,,
1092,ज्,च्,च्च्,चर्त्व,8.4.55,,
1093,ज्,छ्,च्छ्,चर्त्व,8.4.55,,
1094,ज्,ज्,ज्ज्,जश्त्व,8.4.53,,
1095,ज्,झ्,ज्झ्,जश्त्व,8.4.53,,
1096,ज्,ञ्,ज्ञ्,जश्त्व,8.2.39,,
1097,ज्,ञ्,ञ्ञ्,अनुनासिक,8.4.45,,
1098,ज्,ट्,च्ट्,चर्त्व,8.4.55,,
1099,ज्,ठ्,च्ठ्,चर्त्व,8.4.55,,
1100,ज्,ड्,ज्ड्,जश्त्व,8.4.53,,
1101,ज्,ढ्,ज्ढ्,जश्त्व,8.4.53,,
1102,ज्,ण्,ज्ण्,जश्त्व,8.2.39,,
1103,ज्,ण्,ञ्ण्,अनुनासिक,8.4.45,,
1104,ज्,त्,च्च्,श्चुत्व -> चर्त्व,8.4.40; 8.4.55,,
1105,ज्,थ्,च्छ्,श्चुत्व -> चर्त्व,8.4.40; 8.4.55,,
1106,ज्,द्,ज्ज्,श्चुत्व -> जश्त्व,8.4.40; 8.4.53,,
1107,ज्,ध्,ज्झ्,श्चुत्व -> जश्त्व,8.4.40; 8.4.53,,
1108,ज्,न्,ज्ञ्,जश्त्व -> श्चुत्व,8.2.39; 8.4.40,,
1109,ज्,न्,ञ्ञ्,अनुनासिक,8.4.45,,
1110,ज्,प्,च्प्,चर्त्व,8.4.55,,
1111,ज्,फ्,च्फ्,चर्त्व,8.4.55,,
1112,ज्,ब्,ज्ब्,जश्त्व,8.4.53,,
1113,ज्,भ्,ज्भ्,जश्त्व,8.4.53,,
1114,ज्,म्,ज्म्,जश्त्व,8.2.39,,
1115,ज्,म्,ञ्म्,अनुनासिक,8.4.45,,
1116,ज्,य्,ज्य्,जश्त्व,8.2.39,,
1117,ज्,र्,ज्र्,जश्त्व,8.2.39,,
1118,ज्,ल्,ज्ल्,जश्त्व,8.2.39,,
1119,ज्,व्,ज्व्,जश्त्व,8.2.39,,
1120,ज्,श्,च्श्,चर्त्व,8.4.55,,
1121,ज्,ष्,च्ष्,चर्त्व,8.4.55,,
1122,ज्,स्,च्स्,चर्त्व,8.4.55,,
1123,ज्,ह्,ज्झ्,पूर्वसवर्ण,8.4.62,,
1124,ज्,ह्,ज्ह्,जश्त्व,8.2.39,,
1125,झ्,अ,ज,जश्त्व,8.2.39,,
1126,झ्,आ,जा,जश्त्व,8.2.39,,
1127,झ्,इ,जि,जश्त्व,8.2.39,,
1128,झ्,ई,जी,जश्त्व,8.2.39,,
1129,झ्,उ,जु,जश्त्व,8.2.39,,
1130,झ्,ऊ,जू,जश्त्व,8.2.39,,
1131,झ्,ऋ,जृ,जश्त्व,8.2.39,,
1132,झ्,़,ज़्,जश्त्व,8.2.39,,
1133,झ्,ऌ,जॢ,जश्त्व,8.2.39,,
1134,झ्,ए,जे,जश्त्व,8.2.39,,
1135,झ्,ऐ,जै,जश्त्व,8.2.39,,
1136,झ्,ओ,जो,जश्त्व,8.2.39,,
1137,झ्,औ,जौ,जश्त्व,8.2.39,,
1138,झ्,क्,च्क्,चर्त्व,8.4.55,,
1139,झ्,ख्,च्ख्,चर्त्व,8.4.55,,
1140,झ्,ग्,ज्ग्,जश्त्व,8.4.53,,
1141,झ्,घ्,ज्घ्,जश्त्व,8.4.53,,
1142,झ्,ङ्,ज्ङ्,जश्त्व,8.2.39,,
1143,झ्,ङ्,ञ्ङ्,अनुनासिक,8.4.45,,
1144,झ्,च्,च्च्,चर्त्व,8.4.55,,
1145,झ्,छ्,च्छ्,चर्त्व,8.4.55,,
1146,झ्,ज्,ज्ज्,जश्त्व,8.4.53,,
1147,झ्,झ्,ज्झ्,जश्त्व,8.4.53,,
1148,झ्,ञ्,ज्ञ्,जश्त्व,8.2.39,,
1149,झ्,ञ्,ञ्ञ्,अनुनासिक,8.4.45,,
1150,झ्,ट्,च्ट्,चर्त्व,8.4.55,,
1151,झ्,ठ्,च्ठ्,चर्त्व,8.4.55,,
1152,झ्,ड्,ज्ड्,जश्त्व,8.4.53,,
1153,झ्,ढ्,ज्ढ्,जश्त्व,8.4.53,,
1154,झ्,ण्,ज्ण्,जश्त्व,8.2.39,,
1155,झ्,ण्,ञ्ण्,अनुनासिक,8.4.45,,
1156,झ्,त्,च्च्,श्चुत्व -> चर्त्व,8.4.40; 8.4.55,,
1157,झ्,थ्,च्छ्,श्चुत्व -> चर्त्व,8.4.40; 8.4.55,,
1158,झ्,द्,ज्ज्,श्चुत्व -> जश्त्व,8.4.40; 8.4.53,,
1159,झ्,ध्,ज्झ्,श्चुत्व -> जश्त्व,8.4.40; 8.4.53,,
1160,झ्,न्,ज्ञ्,जश्त्व -> श्चुत्व,8.2.39; 8.4.40,,
1161,झ्,न्,ञ्ञ्,अनुनासिक,8.4.45,,
1162,झ्,प्,च्प्,चर्त्व,8.4.55,,
1163,झ्,फ्,च्फ्,चर्त्व,8.4.55,,
1164,झ्,ब्,ज्ब्,जश्त्व,8.4.53,,
1165,झ्,भ्,ज्भ्,जश्त्व,8.4.53,,
1166,झ्,म्,ज्म्,जश्त्व,8.2.39,,
1167,झ्,म्,ञ्म्,अनुनासिक,8.4.45,,
1168,झ्,य्,ज्य्,जश्त्व,8.2.39,,
1169,झ्,र्,ज्र्,जश्त्व,8.2.39,,
1170,झ्,ल्,ज्ल्,जश्त्व,8.2.39,,
1171,झ्,व्,ज्व्,जश्त्व,8.2.39,,
1172,झ्,श्,च्श्,चर्त्व,8.4.55,,
1173,झ्,ष्,च्ष्,चर्त्व,8.4.55,,
1174,झ्,स्,च्स्,चर्त्व,8.4.55,,
1175,झ्,ह्,ज्झ्,पूर्वसवर्ण,8.4.62,,
1176,झ्,ह्,ज्ह्,जश्त्व,8.2.39,,
1177,ञ्,अ,ञ,वर्णमेलन,,,
1178,ञ्,आ,ञा,वर्णमेलन,,,
1179,ञ्,इ,ञि,वर्णमेलन,,,
1180,ञ्,ई,ञी,वर्णमेलन,,,
1181,ञ्,उ,ञु,वर्णमेलन,,,
1182,ञ्,ऊ,ञू,वर्णमेलन,,,
1183,ञ्,ऋ,ञृ,वर्णमेलन,,,
1184,ञ्,़,ञ़्,वर्णमेलन,,,
1185,ञ्,ऌ,ञॢ,वर्णमेलन,,,
1186,ञ्,ए,ञे,वर्णमेलन,,,
1187,ञ्,ऐ,ञै,वर्णमेलन,,,
1188,ञ्,ओ,ञो,वर्णमेलन,,,
1189,ञ्,औ,ञौ,वर्णमेलन,,,
1190,ञ्,क्,ञ्क्,वर्णमेलन,,,
1191,ञ्,ख्,ञ्ख्,वर्णमेलन,,,
1192,ञ्,ग्,ञ्ग्,वर्णमेलन,,,
1193,ञ्,घ्,ञ्घ्,वर्णमेलन,,,
1194,ञ्,ङ्,ञ्ङ्,वर्णमेलन,,,
1195,ञ्,च्,ञ्च्,वर्णमेलन,,,
1196,ञ्,छ्,ञ्छ्,वर्णमेलन,,,
1197,ञ्,ज्,ञ्ज्,वर्णमेलन,,,
1198,ञ्,झ्,ञ्झ्,वर्णमेलन,,,
1199,ञ्,ञ्,ञ्ञ्,वर्णमेलन,,,
1200,ञ्,ट्,ञ्ट्,वर्णमेलन,,,
1201,ञ्,ठ्,ञ्ठ्,वर्णमेलन,,,
1202,ञ्,ड्,ञ्ड्,वर्णमेलन,,,
1203,ञ्,ढ्,ञ्ढ्,वर्णमेलन,,,
1204,ञ्,ण्,ञ्ण्,वर्णमेलन,,,
1205,ञ्,त्,ञ्च्,श्चुत्व,8.4.40,,
1206,ञ्,थ्,ञ्छ्,श्चुत्व,8.4.40,,
1207,ञ्,द्,ञ्ज्,श्चुत्व,8.4.40,,
1208,ञ्,ध्,ञ्झ्,श्चुत्व,8.4.40,,
1209,ञ्,न्,ञ्ञ्,श्चुत्व,8.4.40,,
1210,ञ्,प्,ञ्प्,वर्णमेलन,,,
1211,ञ्,फ्,ञ्फ्,वर्णमेलन,,,
1212,ञ्,ब्,ञ्ब्,वर्णमेलन,,,
1213,ञ्,भ्,ञ्भ्,वर्णमेलन,,,
1214,ञ्,म्,ञ्म्,वर्णमेलन,,,
1215,ञ्,य्,ञ्य्,वर्णमेलन,,,
1216,ञ्,र्,ञ्र्,वर्णमेलन,,,
1217,ञ्,ल्,ञ्ल्,वर्णमेलन,,,
1218,ञ्,व्,ञ्व्,वर्णमेलन,,,
1219,ञ्,श्,ञ्श्,वर्णमेलन,,,
1220,ञ्,ष्,ञ्ष्,वर्णमेलन,,,
1221,ञ्,स्,ञ्स्,वर्णमेलन,,,
1222,ञ्,ह्,ञ्ह्,वर्णमेलन,,,
1223,ट्,अ,ड,जश्त्व,8.2.39,,
1224,ट्,आ,डा,जश्त्व,8.2.39,,
1225,ट्,इ,डि,जश्त्व,8.2.39,,
1226,ट्,ई,डी,जश्त्व,8.2.39,,
1227,ट्,उ,डु,जश्त्व,8.2.39,,
1228,ट्,ऊ,डू,जश्त्व,8.2.39,,
1229,ट्,ऋ,डृ,जश्त्व,8.2.39,,
1230,ट्,़,ड़्,जश्त्व,8.2.39,,
1231,ट्,ऌ,डॢ,जश्त्व,8.2.39,,
1232,ट्,ए,डे,जश्त्व,8.2.39,,
1233,ट्,ऐ,डै,जश्त्व,8.2.39,,
1234,ट्,ओ,डो,जश्त्व,8.2.39,,
1235,ट्,औ,डौ,जश्त्व,8.2.39,,
1236,ट्,क्,ट्क्,चर्त्व,8.4.55,,
1237,ट्,ख्,ट्ख्,चर्त्व,8.4.55,,
1238,ट्,ग्,ड्ग्,जश्त्व,8.4.53,,
1239,ट्,घ्,ड्घ्,जश्त्व,8.4.53,,
1240,ट्,ङ्,ड्ङ्,जश्त्व,8.2.39,,
1241,ट्,ङ्,ण्ङ्,अनुनासिक,8.4.45,,
1242,ट्,च्,ट्च्,चर्त्व,8.4.55,,
1243,ट्,छ्,ट्छ्,चर्त्व,8.4.55,,
1244,ट्,ज्,ड्ज्,जश्त्व,8.4.53,,
1245,ट्,झ्,ड्झ्,जश्त्व,8.4.53,,
1246,ट्,ञ्,ड्ञ्,जश्त्व,8.2.39,,
1247,ट्,ञ्,ण्ञ्,अनुनासिक,8.4.45,,
1248,ट्,ट्,ट्ट्,चर्त्व,8.4.55,,
1249,ट्,ठ्,ट्ठ्,चर्त्व,8.4.55,,
1250,ट्,ड्,ड्ड्,जश्त्व,8.4.53,,
1251,ट्,ढ्,ड्ढ्,जश्त्व,8.4.53,,
1252,ट्,ण्,ड्ण्,जश्त्व,8.2.39,,
1253,ट्,ण्,ण्ण्,अनुनासिक,8.4.45,,
1254,ट्,त्,ट् त्,जश्त्व -> ष्टुत्वनिषेधः-> चर्त्व,8.2.39; 8.4.41; 8.4.42; 8.4.55,,
1255,ट्,थ्,ट् थ्,जश्त्व -> ष्टुत्वनिषेधः-> चर्त्व,8.2.39; 8.4.41; 8.4.42; 8.4.55,,
1256,ट्,द्,ड् द्,जश्त्व -> ष्टुत्वनिषेधः,8.2.39; 8.4.41; 8.4.42,,
1257,ट्,ध्,ड् ध्,जश्त्व -> ष्टुत्वनिषेधः,8.2.39; 8.4.41; 8.4.42,,
1258,ट्,न्,ण्न्,जश्त्व -> ष्टुत्व-> तन्निषेध-> अनुनासिक,8.2.39; 8.4.41; 8.4.42; 8.4.45,,
1259,ट्,न्,ड् न्,जश्त्व -> ष्टुत्व-> तन्निषेध-> अनुनासिकाभाव,8.2.39; 8.4.41; 8.4.42; 8.4.45,,
1260,ट्,प्,ट्प्,चर्त्व,8.4.55,,
1261,ट्,फ्,ट्फ्,चर्त्व,8.4.55,,
1262,ट्,ब्,ड्ब्,जश्त्व,8.4.53,,
1263,ट्,भ्,ड्भ्,जश्त्व,8.4.53,,
1264,ट्,म्,ड्म्,जश्त्व,8.2.39,,
1265,ट्,म्,ण्म्,अनुनासिक,8.4.45,,
1266,ट्,य्,ड्य्,जश्त्व,8.2.39,,
1267,ट्,र्,ड्र्,जश्त्व,8.2.39,,
1268,ट्,ल्,ड्ल्,जश्त्व,8.2.39,,
1269,ट्,व्,ड्व्,जश्त्व,8.2.39,,
1270,ट्,श्,ट्श्,जश्त्व -> चर्त्व,8.2.39; 8.4.55,,
1271,ट्,ष्,ट्ष्,चर्त्व,8.4.55,,
1272,ट्,स्,ट्त्स्,जश्त्व -> धुडागम-> ष्टुत्वे-> तन्निषेधे-> चर्त्व,8.2.39; 8.3.29; 8.4.41; 8.4.42; 8.4.55,,
1273,ट्,स्,ट्स्,जश्त्व -> धुडागमाभावः-> ष्टुत्वे-> तन्निषेधे-> चर्त्व,8.2.39; 8.3.29; 8.4.41; 8.4.42; 8.4.55,,
1274,ट्,ह्,ड्ह्,जश्त्व,8.2.39,,
1275,ट्,ह्,ड्ढ्,पूर्वसवर्ण,8.4.62,,
1276,ठ्,अ,ड,जश्त्व,8.2.39,,
1277,ठ्,आ,डा,जश्त्व,8.2.39,,
1278,ठ्,इ,डि,जश्त्व,8.2.39,,
1279,ठ्,ई,डी,जश्त्व,8.2.39,,
1280,ठ्,उ,डु,जश्त्व,8.2.39,,
1281,ठ्,ऊ,डू,जश्त्व,8.2.39,,
1282,ठ्,ऋ,डृ,जश्त्व,8.2.39,,
1283,ठ्,़,ड़्,जश्त्व,8.2.39,,
1284,ठ्,ऌ,डॢ,जश्त्व,8.2.39,,
1285,ठ्,ए,डे,जश्त्व,8.2.39,,
1286,ठ्,ऐ,डै,जश्त्व,8.2.39,,
1287,ठ्,ओ,डो,जश्त्व,8.2.39,,
1288,ठ्,औ,डौ,जश्त्व,8.2.39,,
1289,ठ्,क्,ट्क्,चर्त्व,8.4.55,,
1290,ठ्,ख्,ट्ख्,चर्त्व,8.4.55,,
1291,ठ्,ग्,ड्ग्,जश्त्व,8.4.53,,
1292,ठ्,घ्,ड्घ्,जश्त्व,8.4.53,,
1293,ठ्,ङ्,ड्ङ्,जश्त्व,8.2.39,,
1294,ठ्,ङ्,ण्ङ्,अनुनासिक,8.4.45,,
1295,ठ्,च्,ट्च्,चर्त्व,8.4.55,,
1296,ठ्,छ्,ट्छ्,चर्त्व,8.4.55,,
1297,ठ्,ज्,ड्ज्,जश्त्व,8.4.53,,
1298,ठ्,झ्,ड्झ्,जश्त्व,8.4.53,,
1299,ठ्,ञ्,ड्ञ्,जश्त्व,8.2.39,,
1300,ठ्,ञ्,ण्ञ्,अनुनासिक,8.4.45,,
1301,ठ्,ट्,ट्ट्,चर्त्व,8.4.55,,
1302,ठ्,ठ्,ट्ठ्,चर्त्व,8.4.55,,
1303,ठ्,ड्,ड्ड्,जश्त्व,8.4.53,,
1304,ठ्,ढ्,ड्ढ्,जश्त्व,8.4.53,,
1305,ठ्,ण्,ड्ण्,जश्त्व,8.2.39,,
1306,ठ्,ण्,ण्ण्,अनुनासिक,8.4.45,,
1307,ठ्,त्,ट्त्,जश्त्व -> ष्टुत्वनिषेधः-> चर्त्व,8.2.39; 8.4.41; 8.4.42; 8.4.55,,
1308,ठ्,थ्,ट्थ्,जश्त्व -> ष्टुत्वनिषेधः-> चर्त्व,8.2.39; 8.4.41; 8.4.42; 8.4.55,,
1309,ठ्,द्,ड्द्,जश्त्व -> ष्टुत्वनिषेधः,8.2.39; 8.4.41; 8.4.42,,
1310,ठ्,ध्,ड्ध्,जश्त्व -> ष्टुत्वनिषेधः,8.2.39; 8.4.41; 8.4.42,,
1311,ठ्,न्,ण्न्,जश्त्व -> ष्टुत्व-> तन्निषेध-> अनुनासिक,8.2.39; 8.4.41; 8.4.42; 8.4.45,,
1312,ठ्,न्,ड्न्,जश्त्व -> ष्टुत्व-> तन्निषेध-> अनुनासिकाभाव,8.2.39; 8.4.41; 8.4.42; 8.4.45,,
1313,ठ्,प्,ट्प्,चर्त्व,8.4.55,,
1314,ठ्,फ्,ट्फ्,चर्त्व,8.4.55,,
1315,ठ्,ब्,ड्ब्,जश्त्व,8.4.53,,
1316,ठ्,भ्,ड्भ्,जश्त्व,8.4.53,,
1317,ठ्,म्,ड्म्,जश्त्व,8.2.39,,
1318,ठ्,म्,ण्म्,अनुनासिक,8.4.45,,
1319,ठ्,य्,ड्य्,जश्त्व,8.2.39,,
1320,ठ्,र्,ड्र्,जश्त्व,8.2.39,,
1321,ठ्,ल्,ड्ल्,जश्त्व,8.2.39,,
1322,ठ्,व्,ड्व्,जश्त्व,8.2.39,,
1323,ठ्,श्,ट्श्,चर्त्व,8.4.55,,
1324,ठ्,ष्,ट्ष्,चर्त्व,8.4.55,,
1325,ठ्,स्,ट्ष्,ष्टुत्व -> चर्त्व,8.4.41; 8.4.55,,
1326,ठ्,ह्,ड्ह्,जश्त्व,8.2.39,,
1327,ठ्,ह्,ड्ढ्,पूर्वसवर्ण,8.4.62,,
1328,ड्,अ,ड,जश्त्व,8.2.39,,
1329,ड्,आ,डा,जश्त्व,8.2.39,,
1330,ड्,इ,डि,जश्त्व,8.2.39,,
1331,ड्,ई,डी,जश्त्व,8.2.39,,
1332,ड्,उ,डु,जश्त्व,8.2.39,,
1333,ड्,ऊ,डू,जश्त्व,8.2.39,,
1334,ड्,ऋ,डृ,जश्त्व,8.2.39,,
1335,ड्,़,डू,जश्त्व,8.2.39,,
1336,ड्,ऌ,डॢ,जश्त्व,8.2.39,,
1337,ड्,ए,डे,जश्त्व,8.2.39,,
1338,ड्,ऐ,डै,जश्त्व,8.2.39,,
1339,ड्,ओ,डो,जश्त्व,8.2.39,,
1340,ड्,औ,डौ,जश्त्व,8.2.39,,
1341,ड्,क्,ट्क्,चर्त्व,8.4.55,,
1342,ड्,ख्,ट्ख्,चर्त्व,8.4.55,,
1343,ड्,ग्,ड्ग्,जश्त्व,8.4.53,,
1344,ड्,घ्,ड्घ्,जश्त्व,8.4.53,,
1345,ड्,ङ्,ड्ङ्,जश्त्व,8.2.39,,
1346,ड्,ङ्,ण्ङ्,अनुनासिक,8.4.45,,
1347,ड्,च्,ट्च्,चर्त्व,8.4.55,,
1348,ड्,छ्,ट्छ्,चर्त्व,8.4.55,,
1349,ड्,ज्,ड्ज्,जश्त्व,8.4.53,,
1350,ड्,झ्,ड्झ्,जश्त्व,8.4.53,,
1351,ड्,ञ्,ड्ञ्,जश्त्व,8.2.39,,
1352,ड्,ञ्,ण्ञ्,अनुनासिक,8.4.45,,
1353,ड्,ट्,ट्ट्,चर्त्व,8.4.55,,
1354,ड्,ठ्,ट्ठ्,चर्त्व,8.4.55,,
1355,ड्,ड्,ड्ड्,जश्त्व,8.4.53,,
1356,ड्,ढ्,ड्ढ्,जश्त्व,8.4.53,,
1357,ड्,ण्,ड्ण्,जश्त्व,8.2.39,,
1358,ड्,ण्,ण्ण्,अनुनासिक,8.4.45,,
1359,ड्,त्,ट्त्,ष्टुत्व -> तन्निषेध-> चर्त्व,8.2.39; 8.4.41; 8.4.42; 8.4.55,,
1360,ड्,थ्,ट्थ्,ष्टुत्व -> तन्निषेध-> चर्त्व,8.4.41; 8.4.42; 8.4.55,,
1361,ड्,द्,ड्द्,ष्टुत्व -> ष्टुत्वनिषेधः,8.4.41; 8.4.42,,
1362,ड्,ध्,ड्ध्,ष्टुत्व -> ष्टुत्वनिषेधः,8.4.41; 8.4.42,,
1363,ड्,न्,ण्न्,ष्टुत्व -> तन्निषेध-> अनुनासिक,8.2.39; 8.4.41; 8.4.42; 8.4.45,,
1364,ड्,न्,ड्न्,ष्टुत्व -> तन्निषेध-> अनुनासिकाभाव,8.2.39; 8.4.41; 8.4.42; 8.4.45,,
1365,ड्,प्,ट्प्,चर्त्व,8.4.55,,
1366,ड्,फ्,ट्फ्,चर्त्व,8.4.55,,
1367,ड्,ब्,ड्ब्,जश्त्व,8.4.53,,
1368,ड्,भ्,ड्भ्,जश्त्व,8.4.53,,
1369,ड्,म्,ड्म्,जश्त्व,,,
1370,ड्,म्,ण्म्,अनुनासिक,,,
1371,ड्,य्,ड्य्,जश्त्व,8.2.39,,
1372,ड्,र्,ड्र्,जश्त्व,8.2.39,,
1373,ड्,ल्,ड्ल्,जश्त्व,8.2.39,,
1374,ड्,व्,ड्व्,जश्त्व,8.2.39,,
1375,ड्,श्,ट्श्,चर्त्व,8.4.55,,
1376,ड्,ष्,ट्ष्,चर्त्व,8.4.55,,
1377,ड्,स्,ट्स्,ष्टुत्व -> तन्निषेध-> चर्त्व,8.2.39; 8.4.41; 8.4.42; 8.4.55,,
1378,ड्,ह्,ड्ढ्,पूर्वसवर्ण,8.4.62,,
1379,ड्,ह्,ड्ह्,जश्त्व,8.2.39,,
1380,ढ्,अ,ड,जश्त्व,8.2.39,,
1381,ढ्,आ,डा,जश्त्व,8.2.39,,
1382,ढ्,इ,डि,जश्त्व,8.2.39,,
1383,ढ्,ई,डी,जश्त्व,8.2.39,,
1384,ढ्,उ,डु,जश्त्व,8.2.39,,
1385,ढ्,ऊ,डू,जश्त्व,8.2.39,,
1386,ढ्,ऋ,डृ,जश्त्व,8.2.39,,
1387,ढ्,़,ड़्,जश्त्व,8.2.39,,
1388,ढ्,ऌ,डॢ,जश्त्व,8.2.39,,
1389,ढ्,ए,डे,जश्त्व,8.2.39,,
1390,ढ्,ऐ,डै,जश्त्व,8.2.39,,
1391,ढ्,ओ,डो,जश्त्व,8.2.39,,
1392,ढ्,औ,डौ,जश्त्व,8.2.39,,
1393,ढ्,क्,ट्क्,चर्त्व,8.4.55,,
1394,ढ्,ख्,ट्ख्,चर्त्व,8.4.55,,
1395,ढ्,ग्,ड्ग्,जश्त्व,8.4.53,,
1396,ढ्,घ्,ड्घ्,जश्त्व,8.4.53,,
1397,ढ्,ङ्,ड्ङ्,जश्त्व,8.2.39,,
1398,ढ्,ङ्,ण्ङ्,अनुनासिक,8.4.45,,
1399,ढ्,च्,ट्च्,चर्त्व,8.4.55,,
1400,ढ्,छ्,ट्छ्,चर्त्व,8.4.55,,
1401,ढ्,ज्,ड्ज्,जश्त्व,8.4.53,,
1402,ढ्,झ्,ड्झ्,जश्त्व,8.4.53,,
1403,ढ्,ञ्,ड्ञ्,जश्त्व,8.2.39,,
1404,ढ्,ञ्,ण्ञ्,अनुनासिक,8.4.45,,
1405,ढ्,ट्,ट्ट्,चर्त्व,8.4.55,,
1406,ढ्,ठ्,ट्ठ्,चर्त्व,8.4.55,,
1407,ढ्,ड्,ड्ड्,जश्त्व,8.4.53,,
1408,ढ्,ढ्,ड्ढ्,जश्त्व,8.4.53,,
1409,ढ्,ण्,ड्ण्,जश्त्व,8.2.39,,
1410,ढ्,ण्,ण्ण्,अनुनासिक,8.4.45,,
1411,ढ्,त्,ट्त्,जश्त्व -> ष्टुत्वनिषेधः-> चर्त्व,8.2.39; 8.4.41; 8.4.42; 8.4.55,,
1412,ढ्,थ्,ट्थ्,जश्त्व -> ष्टुत्वनिषेधः-> चर्त्व,8.2.39; 8.4.41; 8.4.42; 8.4.55,,
1413,ढ्,द्,ड्द्,ष्टुत्व -> ष्टुत्वनिषेधः,8.4.41; 8.4.42,,
1414,ढ्,ध्,ड्ध्,ष्टुत्व -> ष्टुत्वनिषेधः,8.4.41; 8.4.42,,
1415,ढ्,न्,ण्न्,जश्त्व -> ष्टुत्व-> तन्निषेध-> अनुनासिक,8.2.39; 8.4.41; 8.4.42; 8.4.45,,
1416,ढ्,न्,ड्न्,जश्त्व -> ष्टुत्व-> तन्निषेध-> अनुनासिकाभाव,8.2.39; 8.4.41; 8.4.42; 8.4.45,,
1417,ढ्,प्,ट्प्,चर्त्व,8.4.55,,
1418,ढ्,फ्,ट्फ्,चर्त्व,8.4.55,,
1419,ढ्,ब्,ड्ब्,जश्त्व,8.4.53,,
1420,ढ्,भ्,ड्भ्,जश्त्व,8.4.53,,
1421,ढ्,म्,ड्म्,जश्त्व,8.2.39,,
1422,ढ्,म्,ण्म्,अनुनासिक,8.4.45,,
1423,ढ्,य्,ड्य्,जश्त्व,8.2.39,,
1424,ढ्,र्,ड्र्,जश्त्व,8.2.39,,
1425,ढ्,ल्,ड्ल्,जश्त्व,8.2.39,,
1426,ढ्,व्,ड्व्,जश्त्व,8.2.39,,
1427,ढ्,श्,ट्श्,चर्त्व,8.4.55,,
1428,ढ्,ष्,ट्ष्,चर्त्व,8.4.55,,
1429,ढ्,स्,ट्स्,ष्टुत्व -> चर्त्व,8.4.41; 8.4.55,,
1430,ढ्,ह्,ड्ह्,जश्त्व,8.2.39,,
1431,ढ्,ह्,ड्ढ्,पूर्वसवर्ण,8.4.62,,
1432,ण्,अ,ण,वर्णमेलन,,,
1433,ण्,आ,णा,वर्णमेलन,,,
1434,ण्,इ,णि,वर्णमेलन,,,
1435,ण्,ई,णी,वर्णमेलन,,,
1436,ण्,उ,णु,वर्णमेलन,,,
1437,ण्,ऊ,णू,वर्णमेलन,,,
1438,ण्,ऋ,णृ,वर्णमेलन,,,
1439,ण्,़,ण़्,वर्णमेलन,,,
1440,ण्,ऌ,णॢ,वर्णमेलन,,,
1441,ण्,ए,णे,वर्णमेलन,,,
1442,ण्,ऐ,णै,वर्णमेलन,,,
1443,ण्,ओ,णो,वर्णमेलन,,,
1444,ण्,औ,णौ,वर्णमेलन,,,
1445,ण्,क्,ण्क्,वर्णमेलन,,,
1446,ण्,ख्,ण्ख्,वर्णमेलन,,,
1447,ण्,ग्,ण्ग्,वर्णमेलन,,,
1448,ण्,घ्,ण्घ्,वर्णमेलन,,,
1449,ण्,ङ्,ण्ङ्,वर्णमेलन,,,
1450,ण्,च्,ण्च्,वर्णमेलन,,,
1451,ण्,छ्,ण्छ्,वर्णमेलन,,,
1452,ण्,ज्,ण्ज्,वर्णमेलन,,,
1453,ण्,झ्,ण्झ्,वर्णमेलन,,,
1454,ण्,ञ्,ण्ञ्,वर्णमेलन,,,
1455,ण्,ट्,ण्ट्,वर्णमेलन,,,
1456,ण्,ठ्,ण्ठ्,वर्णमेलन,,,
1457,ण्,ड्,ण्ड्,वर्णमेलन,,,
1458,ण्,ढ्,ण्ढ्,वर्णमेलन,,,
1459,ण्,ण्,ण्ण्,वर्णमेलन,,,
1460,ण्,त्,ण्त्,वर्णमेलन,,,
1461,ण्,थ्,ण्थ्,वर्णमेलन,,,
1462,ण्,द्,ण्द्,वर्णमेलन,,,
1463,ण्,ध्,ण्ध्,वर्णमेलन,,,
1464,ण्,न्,ण्ण्,वर्णमेलन,,,
1465,ण्,प्,ण्प्,वर्णमेलन,,,
1466,ण्,फ्,ण्फ्,वर्णमेलन,,,
1467,ण्,ब्,ण्ब्,वर्णमेलन,,,
1468,ण्,भ्,ण्भ्,वर्णमेलन,,,
1469,ण्,म्,ण्म्,वर्णमेलन,,,
1470,ण्,य्,ण्य्,वर्णमेलन,,,
1471,ण्,र्,ण्र्,वर्णमेलन,,,
1472,ण्,ल्,ण्ल्,वर्णमेलन,,,
1473,ण्,व्,ण्व्,वर्णमेलन,,,
1474,ण्,श्,ण्ट्श्,टुगागम,8.3.28,,
1475,ण्,श्,ण्ठ्श्,द्वितीयवर्णादेश,,,
1476,ण्,श्,ण्श्,टुगागमाभाव,,,
1477,ण्,ष्,ण्ट्ष्,टुगागम,8.3.28,,
1478,ण्,ष्,ण्ठ्ष्,द्वितीयवर्णादेश,,,
1479,ण्,ष्,ण्ष्,टुगागमाभाव,,,
1480,ण्,स्,ण्ट्स्,टुगागम,8.3.28,,
1481,ण्,स्,ण्ठ्स्,द्वितीयवर्णादेश,,,
1482,ण्,स्,ण्स्,टुगागमाभाव,,,
1483,ण्,ह्,ण्ह्,वर्णमेलन,,,
1484,त्,अ,द,जश्त्व,8.2.39,,
1485,त्,आ,दा,जश्त्व,8.2.39,,
1486,त्,इ,दि,जश्त्व,8.2.39,,
1487,त्,ई,दी,जश्त्व,8.2.39,,
1488,त्,उ,दु,जश्त्व,8.2.39,,
1489,त्,ऊ,दू,जश्त्व,8.2.39,,
1490,त्,ऋ,दृ,जश्त्व,8.2.39,,
1491,त्,़,द़्,जश्त्व,8.2.39,,
1492,त्,ऌ,दॢ,जश्त्व,8.2.39,,
1493,त्,ए,दे,जश्त्व,8.2.39,,
1494,त्,ऐ,दै,जश्त्व,8.2.39,,
1495,त्,ओ,दो,जश्त्व,8.2.39,,
1496,त्,औ,दौ,जश्त्व,8.2.39,,
1497,त्,क्,त्क्,चर्त्व,8.4.55,,
1498,त्,ख्,त्ख्,चर्त्व,8.4.55,,
1499,त्,ग्,द्ग्,जश्त्व,8.4.53,,
1500,त्,घ्,द्घ्,जश्त्व,8.4.53,,
1501,त्,ङ्,द्ङ्,जश्त्व,8.2.39,,
1502,त्,ङ्,न्ङ्,अनुनासिक,8.4.45,,
1503,त्,च्,च्च्,जश्त्व -> श्चुत्व-> चर्त्व,8.2.39; 8.4.40; 8.4.55,,
1504,त्,छ्,च्छ्,जश्त्व -> श्चुत्व-> चर्त्व,8.2.39; 8.4.40; 8.4.55,,
1505,त्,ज्,ज्ज्,जश्त्व -> श्चुत्व,8.2.39; 8.4.40,,
1506,त्,झ्,ज्झ्,जश्त्व -> श्चुत्व,8.2.39; 8.4.40,,
1507,त्,ञ्,ज्ञ्,जश्त्व -> श्चुत्व,8.2.39; 8.4.40,,
1508,त्,ञ्,ञ्ञ्,अनुनासिक,8.4.45,,
1509,त्,ट्,ट्ट्,जश्त्व -> ष्टुत्व-> चर्त्व,8.2.39; 8.4.41; 8.4.55,,
1510,त्,ठ्,ट्ठ्,जश्त्व -> ष्टुत्व-> चर्त्व,8.2.39; 8.4.41; 8.4.55,,
1511,त्,ड्,ड्ड्,जश्त्व -> ष्टुत्व,8.2.39; 8.4.41,,
1512,त्,ढ्,ड्ढ्,जश्त्व -> ष्टुत्व,8.2.39; 8.4.41,,
1513,त्,ण्,ड्ण्,जश्त्व -> ष्टुत्व,8.2.39; 8.4.41,,
1514,त्,ण्,ण्ण्,अनुनासिक,8.4.45,,
1515,त्,त्,त्त्,चर्त्व,8.4.55,,
1516,त्,थ्,त्थ्,चर्त्व,8.4.55,,
1517,त्,द्,द्द्,जश्त्व,8.4.53,,
1518,त्,ध्,द्ध्,जश्त्व,8.4.53,,
1519,त्,न्,द्न्,जश्त्व,,,
1520,त्,न्,न्न्,अनुनासिक,,,
1521,त्,प्,त्प्,जश्त्व -> चर्त्व,8.2.39; 8.4.55,,
1522,त्,फ्,त्फ्,जश्त्व -> चर्त्व,8.2.39; 8.4.55,,
1523,त्,ब्,द्ब्,जश्त्व,8.4.53,,
1524,त्,भ्,द्भ्,जश्त्व,8.4.53,,
1525,त्,म्,द्म्,जश्त्व,8.2.39,,
1526,त्,म्,न्म्,अनुनासिक,8.4.45,,
1527,त्,य्,द्य्,जश्त्व,8.2.39,,
1528,त्,र्,द्र्,जश्त्व,8.2.39,,
1529,त्,ल्,ल्ल्,जश्त्व -> परसवर्ण,8.2.39; 8.4.60,,
1530,त्,व्,द्व्,जश्त्व,8.2.39,,
1531,त्,श्,च्श्,श्चुत्व -> चर्त्व,8.4.40; 8.4.55,,
1532,त्,ष्,त्ष्,चर्त्व,8.4.55,,
1533,त्,स्,त्स्,चर्त्व,8.4.55,,
1534,त्,ह्,द्ह्,जश्त्व,8.2.39,,
1535,त्,ह्,द्ध्,पूर्वसवर्ण,8.4.62,,
1536,थ्,अ,द,जश्त्व,8.2.39,,
1537,थ्,आ,दा,जश्त्व,8.2.39,,
1538,थ्,इ,दि,जश्त्व,8.2.39,,
1539,थ्,ई,दी,जश्त्व,8.2.39,,
1540,थ्,उ,दु,जश्त्व,8.2.39,,
1541,थ्,ऊ,दू,जश्त्व,8.2.39,,
1542,थ्,ऋ,दृ,जश्त्व,8.2.39,,
1543,थ्,़,द़्,जश्त्व,8.2.39,,
1544,थ्,ऌ,दॢ,जश्त्व,8.2.39,,
1545,थ्,ए,दे,जश्त्व,8.2.39,,
1546,थ्,ऐ,दै,जश्त्व,8.2.39,,
1547,थ्,ओ,दो,जश्त्व,8.2.39,,
1548,थ्,औ,दौ,जश्त्व,8.2.39,,
1549,थ्,क्,त्क्,चर्त्व,8.4.55,,
1550,थ्,ख्,त्ख्,चर्त्व,8.4.55,,
1551,थ्,ग्,द्ग्,जश्त्व,8.4.53,,
1552,थ्,घ्,द्घ्,जश्त्व,8.4.53,,
1553,थ्,ङ्,द्ङ्,जश्त्व,8.2.39,,
1554,थ्,ङ्,न्ङ्,अनुनासिक,8.4.45,,
1555,थ्,च्,च्च्,जश्त्व -> श्चुत्व-> चर्त्व,8.2.39; 8.4.40; 8.4.55,,
1556,थ्,छ्,च्छ्,जश्त्व -> श्चुत्व-> चर्त्व,8.2.39; 8.4.40; 8.4.55,,
1557,थ्,ज्,ज्ज्,जश्त्व -> श्चुत्व,8.2.39; 8.4.40,,
1558,थ्,झ्,ज्झ्,जश्त्व -> श्चुत्व,8.2.39; 8.4.40,,
1559,थ्,ञ्,ज्ञ्,जश्त्व -> श्चुत्व,8.2.39; 8.4.40,,
1560,थ्,ञ्,ञ्ञ्,अनुनासिक,8.4.45,,
1561,थ्,ट्,ट्ट्,जश्त्व -> ष्टुत्व-> चर्त्व,8.2.39; 8.4.41; 8.4.55,,
1562,थ्,ठ्,ट्ठ्,जश्त्व -> ष्टुत्व-> चर्त्व,8.2.39; 8.4.41; 8.4.55,,
1563,थ्,ड्,ड्ड्,जश्त्व -> ष्टुत्व,8.2.39; 8.4.41,,
1564,थ्,ढ्,ड्ढ्,जश्त्व -> ष्टुत्व,8.2.39; 8.4.41,,
1565,थ्,ण्,ड्ण्,जश्त्व -> ष्टुत्व,8.2.39; 8.4.41,,
1566,थ्,ण्,ण्ण्,अनुनासिक,8.4.45,,
1567,थ्,त्,त्त्,चर्त्व,8.4.55,,
1568,थ्,थ्,त्थ्,चर्त्व,8.4.55,,
1569,थ्,द्,द्द्,जश्त्व,8.4.53,,
1570,थ्,ध्,द्ध्,जश्त्व,8.4.53,,
1571,थ्,न्,द्न्,जश्त्व,8.2.39,,
1572,थ्,न्,न्न्,अनुनासिक,8.4.45,,
1573,थ्,प्,त्प्,चर्त्व,8.4.55,,
1574,थ्,फ्,त्फ्,चर्त्व,8.4.55,,
1575,थ्,ब्,द्ब्,जश्त्व,8.4.53,,
1576,थ्,भ्,द्भ्,जश्त्व,8.4.53,,
1577,थ्,म्,द्म्,जश्त्व,8.2.39,,
1578,थ्,म्,न्म्,अनुनासिक,8.4.45,,
1579,थ्,य्,द्य्,जश्त्व,8.2.39,,
1580,थ्,र्,द्र्,जश्त्व,8.2.39,,
1581,थ्,ल्,ल्ल्,जश्त्व -> परसवर्ण,8.2.39; 8.4.60,,
1582,थ्,व्,द्व्,जश्त्व,8.2.39,,
1583,थ्,श्,च्श्,जश्त्व -> श्चुत्व-> चर्त्व,8.2.39; 8.4.40; 8.4.55,,
1584,थ्,ष्,त्ष्,चर्त्व,8.4.55,,
1585,थ्,स्,त्स्,चर्त्व,8.4.55,,
1586,थ्,ह्,द्ह्,जश्त्व,8.2.39,,
1587,थ्,ह्,द्ध्,पूर्वसवर्ण,8.4.62,,
1588,द्,अ,द,जश्त्व,8.2.39,,
1589,द्,आ,दा,जश्त्व,8.2.39,,
1590,द्,इ,दि,जश्त्व,8.2.39,,
1591,द्,ई,दी,जश्त्व,8.2.39,,
1592,द्,उ,दु,जश्त्व,8.2.39,,
1593,द्,ऊ,दू,जश्त्व,8.2.39,,
1594,द्,ऋ,दृ,जश्त्व,8.2.39,,
1595,द्,़,द़्,जश्त्व,8.2.39,,
1596,द्,ऌ,दॢ,जश्त्व,8.2.39,,
1597,द्,ए,दे,जश्त्व,8.2.39,,
1598,द्,ऐ,दै,जश्त्व,8.2.39,,
1599,द्,ओ,दो,जश्त्व,8.2.39,,
1600,द्,औ,दौ,जश्त्व,8.2.39,,
1601,द्,क्,त्क्,चर्त्व,8.4.55,,
1602,द्,ख्,त्ख्,चर्त्व,8.4.55,,
1603,द्,ग्,द्ग्,जश्त्व,8.4.53,,
1604,द्,घ्,द्घ्,जश्त्व,8.4.53,,
1605,द्,ङ्,द्ङ्,जश्त्व,8.2.39,,
1606,द्,ङ्,न्ङ्,अनुनासिक,8.4.45,,
1607,द्,च्,च्च्,श्चुत्व -> चर्त्व,8.4.40; 8.4.55,,
1608,द्,छ्,च्छ्,श्चुत्व -> चर्त्व,8.4.40; 8.4.55,,
1609,द्,ज्,ज्ज्,श्चुत्व -> जश्त्व,,,
1610,द्,झ्,ज्झ्,श्चुत्व -> जश्त्व,8.4.40; 8.4.53,,
1611,द्,ञ्,ज्ञ्,श्चुत्व,8.4.40,,
1612,द्,ञ्,न्ञ्,अनुनासिक,8.4.45,,
1613,द्,ट्,ट्ट्,ष्टुत्व -> चर्त्व,8.4.41; 8.4.55,,
1614,द्,ठ्,ट्ठ्,ष्टुत्व -> चर्त्व,8.4.41; 8.4.55,,
1615,द्,ड्,ड्ड्,ष्टुत्व -> जश्त्व,8.4.41; 8.4.53,,
1616,द्,ढ्,ड्ढ्,ष्टुत्व -> जश्त्व,8.4.41; 8.4.53,,
1617,द्,ण्,ण्ण्,ष्टुत्व,8.4.41,,
1618,द्,ण्,ड्ण्,अनुनासिक,8.4.45,,
1619,द्,त्,त्त्,चर्त्व,8.4.55,,
1620,द्,थ्,त्थ्,चर्त्व,8.4.55,,
1621,द्,द्,द्द्,जश्त्व,8.4.53,,
1622,द्,ध्,द्ध्,जश्त्व,8.4.53,,
1623,द्,न्,द्न्,जश्त्व,,,
1624,द्,न्,न्न्,अनुनासिक,,,
1625,द्,प्,त्प्,चर्त्व,8.4.55,,
1626,द्,फ्,त्फ्,चर्त्व,8.4.55,,
1627,द्,ब्,द्ब्,जश्त्व,8.4.53,,
1628,द्,भ्,द्भ्,जश्त्व,8.4.53,,
1629,द्,म्,द्म्,जश्त्व,,,
1630,द्,म्,न्म्,अनुनासिक,,,
1631,द्,य्,द्य्,जश्त्व,8.2.39,,
1632,द्,र्,द्र्,जश्त्व,8.2.39,,
1633,द्,ल्,ल्ल्,जश्त्व -> परसवर्ण,8.2.39; 8.4.60,,
1634,द्,व्,द्व्,जश्त्व,8.2.39,,
1635,द्,श्,च्श्,जश्त्व -> श्चुत्व-> चर्त्व,8.2.39; 8.4.40; 8.4.55,,
1636,द्,ष्,त्ष्,चर्त्व,8.4.55,,
1637,द्,स्,त्स्,चर्त्व,8.4.55,,
1638,द्,ह्,द्ह्,जश्त्व,,,
1639,द्,ह्,द्ध्,पूर्वसवर्ण,,,
1640,*द्,ह्,द्ह्,पूर्वसवर्ण,,,
1641,ध्,अ,द,जश्त्व,8.2.39,,
1642,ध्,आ,दा,जश्त्व,8.2.39,,
1643,ध्,इ,दि,जश्त्व,8.2.39,,
1644,ध्,ई,दी,जश्त्व,8.2.39,,
1645,ध्,उ,दु,जश्त्व,8.2.39,,
1646,ध्,ऊ,दू,जश्त्व,8.2.39,,
1647,ध्,ऋ,दृ,जश्त्व,8.2.39,,
1648,ध्,़,द़्,जश्त्व,8.2.39,,
1649,ध्,ऌ,दॢ,जश्त्व,8.2.39,,
1650,ध्,ए,दे,जश्त्व,8.2.39,,
1651,ध्,ऐ,दै,जश्त्व,8.2.39,,
1652,ध्,ओ,दो,जश्त्व,8.2.39,,
1653,ध्,औ,दौ,जश्त्व,8.2.39,,
1654,ध्,क्,त्क्,चर्त्व,8.4.55,,
1655,ध्,ख्,त्ख्,चर्त्व,8.4.55,,
1656,ध्,ग्,द्ग्,जश्त्व,8.4.53,,
1657,ध्,घ्,द्घ्,जश्त्व,8.4.53,,
1658,ध्,ङ्,द्ङ्,जश्त्व,8.2.39,,
1659,ध्,ङ्,न्ङ्,अनुनासिक,8.4.45,,
1660,ध्,च्,च्च्,जश्त्व -> श्चुत्व-> चर्त्व,8.2.39; 8.4.40; 8.4.55,,
1661,ध्,छ्,च्छ्,जश्त्व -> श्चुत्व-> चर्त्व,8.2.39; 8.4.40; 8.4.55,,
1662,ध्,ज्,ज्ज्,जश्त्व -> श्चुत्व,8.2.39; 8.4.40,,
1663,ध्,झ्,ज्झ्,जश्त्व -> श्चुत्व,8.2.39; 8.4.40,,
1664,ध्,ञ्,ज्ञ्,जश्त्व -> श्चुत्व,8.2.39; 8.4.40,,
1665,ध्,ञ्,न्ञ्,जश्त्व -> श्चुत्व,8.2.39; 8.4.40,,
1666,ध्,ट्,ट्ट्,जश्त्व -> ष्टुत्व-> चर्त्व,8.2.39; 8.4.41; 8.4.55,,
1667,ध्,ठ्,ट्ठ्,जश्त्व -> ष्टुत्व,8.2.39; 8.4.41; 8.4.55,,
1668,ध्,ड्,ड्ड्,जश्त्व -> ष्टुत्व,8.2.39; 8.4.41,,
1669,ध्,ढ्,ड्ढ्,जश्त्व -> ष्टुत्व,8.2.39; 8.4.41,,
1670,ध्,ण्,ड्ण्,जश्त्व -> ष्टुत्व,8.2.39; 8.4.41,,
1671,ध्,ण्,ण्ण्,अनुनासिक,8.4.45,,
1672,ध्,त्,त्त्,चर्त्व,8.4.55,,
1673,ध्,थ्,त्थ्,चर्त्व,8.4.55,,
1674,ध्,द्,द्द्,जश्त्व,8.4.53,,
1675,ध्,ध्,द्ध्,जश्त्व,8.4.53,,
1676,ध्,न्,द्न्,जश्त्व,8.2.39,,
1677,ध्,न्,न्न्,अनुनासिक,8.4.45,,
1678,ध्,प्,त्प्,चर्त्व,8.4.55,,
1679,ध्,फ्,त्फ्,चर्त्व,8.4.55,,
1680,ध्,ब्,द्ब्,जश्त्व,8.4.53,,
1681,ध्,भ्,द्भ्,जश्त्व,8.4.53,,
1682,ध्,म्,द्म्,जश्त्व,8.2.39,,
1683,ध्,म्,न्म्,अनुनासिक,8.4.45,,
1684,ध्,य्,द्य्,जश्त्व,8.2.39,,
1685,ध्,र्,द्र्,जश्त्व,8.2.39,,
1686,ध्,ल्,ल्ल्,जश्त्व -> परसवर्ण,8.2.39; 8.4.60,,
1687,ध्,व्,द्व्,जश्त्व,8.2.39,,
1688,ध्,श्,च्श्,जश्त्व -> श्चुत्व-> चर्त्व,8.2.39; 8.4.40; 8.4.55,,
1689,ध्,ष्,त्ष्,चर्त्व,8.4.55,,
1690,ध्,स्,त्स्,चर्त्व,8.4.55,,
1691,ध्,ह्,द्ह्,जश्त्व,8.2.39,,
1692,ध्,ह्,द्ध्,पूर्वसवर्ण,8.4.62,,
1693,न्,क्,ङ्क्,वर्णमेलन,,,
1694,न्,ख्,ङ्ख्,वर्णमेलन,,,
1695,न्,ग्,ङ्ग्,वर्णमेलन,,,
1696,न्,घ्,ङ्घ्,वर्णमेलन,,,
1697,न्,ङ्,ङ्,वर्णमेलन,,,
1698,न्,च्,ञ्च्,वर्णमेलन,,,
1699,न्,छ्,ञ्छ्,वर्णमेलन,,,
1700,न्,ज्,ञ्ज्,श्चुत्व,8.4.40,,
1701,न्,झ्,ञ्झ्,वर्णमेलन,,,
1702,न्,ञ्,ञ्,वर्णमेलन,,,
1703,न्,ट्,ण्ट्,वर्णमेलन,,,
1704,न्,ठ्,ण्ठ्,वर्णमेलन,,,
1705,न्,ड्,ण्ड्,वर्णमेलन,,,
1706,न्,ढ्,ण्ढ्,ष्टुत्व,8.4.41,,
1707,न्,द्,न्द्,वर्णमेलन,,,
1708,न्,ध्,न्ध्,वर्णमेलन,,,
1709,न्,न्,न्न्,वर्णमेलन,,,
1710,न्,प्,न्प्,वर्णमेलन,,,
1711,न्,फ्,न्फ्,वर्णमेलन,,,
1712,न्,ब्,न्ब्,वर्णमेलन,,,
1713,न्,भ्,न्भ्,वर्णमेलन,,,
1714,न्,म्,न्म्,वर्णमेलन,,,
1715,न्,य्,न्य्,वर्णमेलन,,,
1716,न्,र्,न्र्,वर्णमेलन,,,
1717,न्,ल्,ल्ँल्,परसवर्ण,8.4.60,,
1718,न्,व्,न्व्,वर्णमेलन,,,
1719,न्,श्,ञ्च्श्,तुगागम -> श्चुत्व-> श्चुत्व,8.3.31; 8.4.40; 8.4.40,,
1720,न्,श्,ञ्श्,श्चुत्व,8.4.40,,
1721,न्,ष्,न्ष्,वर्णमेलन,,,
1722,न्,स्,न्त्स्,धुडागम -> चर्त्व,8.3.30; 8.4.55,,
1723,न्,स्,न्स्,पक्षे धुडभाव,8.3.30,,
1724,न्,ह्,न्ह्,वर्णमेलन,,,
1725,म्,क्,ङ्क्,अनुस्वार -> परसवर्ण,8.3.23; 8.4.59,,
1726,म्,क्,ं क्,अनुस्वार,8.3.23,,
1727,म्,ख्,ङ्ख्,अनुस्वार -> परसवर्ण,8.3.23; 8.4.59,,
1728,म्,ख्,ं ख्,अनुस्वार,8.3.23,,
1729,म्,ग्,ङ्ग्,अनुस्वार -> परसवर्ण,8.3.23; 8.4.59,,
1730,म्,ग्,ं ग्,अनुस्वार,8.3.23,,
1731,म्,घ्,ङ्घ्,अनुस्वार -> परसवर्ण,8.3.23; 8.4.59,,
1732,म्,घ्,ं घ्,अनुस्वार,8.3.23,,
1733,म्,ङ्,ङ्ङ्,अनुस्वार -> परसवर्ण,8.3.23; 8.4.59,,
1734,म्,ङ्,ं ङ्,अनुस्वार,8.3.23,,
1735,म्,च्,ञ्च्,अनुस्वार -> परसवर्ण,8.3.23; 8.4.59,,
1736,म्,च्,ं च्,अनुस्वार,8.3.23,,
1737,म्,छ्,ञ्छ्,अनुस्वार -> परसवर्ण,8.3.23; 8.4.59,,
1738,म्,छ्,ं छ्,अनुस्वार,8.3.23,,
1739,म्,ज्,ञ्ज्,अनुस्वार -> परसवर्ण,8.3.23; 8.4.59,,
1740,म्,ज्,ं ज्,अनुस्वार,8.3.23,,
1741,म्,झ्,ञ्झ्,अनुस्वार -> परसवर्ण,8.3.23; 8.4.59,,
1742,म्,झ्,ं झ्,अनुस्वार,8.3.23,,
1743,म्,ञ्,ञ्ञ्,अनुस्वार -> परसवर्ण,8.3.23; 8.4.59,,
1744,म्,ञ्,ं ञ्,अनुस्वार,8.3.23,,
1745,म्,ट्,ण्ट्,अनुस्वार -> परसवर्ण,8.3.23; 8.4.59,,
1746,म्,ट्,ं ट्,अनुस्वार,8.3.23,,
1747,म्,ठ्,ण्ठ्,अनुस्वार -> परसवर्ण,8.3.23; 8.4.59,,
1748,म्,ठ्,ं ठ्,अनुस्वार,8.3.23,,
1749,म्,ड्,ण्ड्,अनुस्वार -> परसवर्ण,8.3.23; 8.4.59,,
1750,म्,ड्,ं ड्,अनुस्वार,8.3.23,,
1751,म्,ढ्,ण्ढ्,अनुस्वार -> परसवर्ण,8.3.23; 8.4.59,,
1752,म्,ढ्,ं ढ्,अनुस्वार,8.3.23,,
1753,म्,ण्,ण्ण्,अनुस्वार -> परसवर्ण,8.3.23; 8.4.59,,
1754,म्,ण्,ं ण्,अनुस्वार,8.3.23,,
1755,म्,त्,न्त्,अनुस्वार -> परसवर्ण,8.3.23; 8.4.59,,
1756,म्,त्,ं त्,अनुस्वार,8.3.23,,
1757,म्,थ्,न्थ्,अनुस्वार -> परसवर्ण,8.3.23; 8.4.59,,
1758,म्,थ्,ं थ्,अनुस्वार,8.3.23,,
1759,म्,द्,न्द्,अनुस्वार -> परसवर्ण,8.3.23; 8.4.59,,
1760,म्,द्,ं द्,अनुस्वार,8.3.23,,
1761,म्,ध्,न्ध्,अनुस्वार -> परसवर्ण,8.3.23; 8.4.59,,
1762,म्,ध्,ं ध्,अनुस्वार,8.3.23,,
1763,म्,न्,न्न्,अनुस्वार -> परसवर्ण,8.3.23; 8.4.59,,
1764,म्,न्,ं न्,अनुस्वार,8.3.23,,
1765,म्,प्,म्प्,अनुस्वार -> परसवर्ण,8.3.23; 8.4.59,,
1766,म्,प्,ं प्,अनुस्वार,8.3.23,,
1767,म्,फ्,म्फ्,अनुस्वार -> परसवर्ण,8.3.23; 8.4.59,,
1768,म्,फ्,ं फ्,अनुस्वार,8.3.23,,
1769,म्,ब्,म्ब्,अनुस्वार -> परसवर्ण,8.3.23; 8.4.59,,
1770,म्,ब्,ं ब्,अनुस्वार,8.3.23,,
1771,म्,भ्,म्भ्,अनुस्वार -> परसवर्ण,8.3.23; 8.4.59,,
1772,म्,भ्,ं भ्,अनुस्वार,8.3.23,,
1773,म्,म्,म्म्,अनुस्वार -> परसवर्ण,8.3.23; 8.4.59,,
1774,म्,म्,ं म्,अनुस्वार,8.3.23,,
1775,म्,य्,ँय्,अनुस्वार -> परसवर्ण,8.3.23; 8.4.59,,
1776,म्,य्,ं य्,अनुस्वार,8.3.23,,
1777,म्,र्,ं र्,अनुस्वार,8.3.23,,
1778,म्,ल्,ँल्ल्,अनुस्वार -> परसवर्ण,8.3.23; 8.4.59,,
1779,म्,ल्,ं ल्,अनुस्वार,8.3.23,,
1780,म्,व्,ँव्,अनुस्वार -> परसवर्ण,8.3.23; 8.4.59,,
1781,म्,व्,ं व्,अनुस्वार,8.3.23,,
1782,म्,श्,ं श्,अनुस्वार,8.3.23,,
1783,म्,ष्,ं ष्,अनुस्वार,8.3.23,,
1784,म्,स्,ं स्,अनुस्वार,8.3.23,,
1785,म्,ह्,ं ह्,अनुस्वार,8.3.23,,
1786,प्,अ,ब,जश्त्व,8.2.39,,
1787,प्,आ,बा,जश्त्व,8.2.39,,
1788,प्,इ,बि,जश्त्व,8.2.39,,
1789,प्,ई,बी,जश्त्व,8.2.39,,
1790,प्,उ,बु,जश्त्व,8.2.39,,
1791,प्,ऊ,बू,जश्त्व,8.2.39,,
1792,प्,ऋ,बृ,जश्त्व,8.2.39,,
1793,प्,़,ब़्,जश्त्व,8.2.39,,
1794,प्,ऌ,बॢ,जश्त्व,8.2.39,,
1795,प्,ए,बे,जश्त्व,8.2.39,,
1796,प्,ऐ,बै,जश्त्व,8.2.39,,
1797,प्,ओ,बो,जश्त्व,8.2.39,,
1798,प्,औ,बौ,जश्त्व,8.2.39,,
1799,प्,क्,प्क्,चर्त्व,8.4.55,,
1800,प्,ख्,प्ख्,चर्त्व,8.4.55,,
1801,प्,ग्,ब्ग्,जश्त्व,8.4.53,,
1802,प्,घ्,ब्घ्,जश्त्व,8.4.53,,
1803,प्,ङ्,ब्ङ्,जश्त्व,8.2.39,,
1804,प्,ङ्,म्ङ्,अनुनासिक,8.4.45,,
1805,प्,च्,प्च्,चर्त्व,8.4.55,,
1806,प्,छ्,प्छ्,चर्त्व,8.4.55,,
1807,प्,ज्,ब्ज्,जश्त्व,8.4.53,,
1808,प्,झ्,ब्झ्,जश्त्व,8.4.53,,
1809,प्,ञ्,ब्ञ्,जश्त्व,8.2.39,,
1810,प्,ञ्,म्ञ्,अनुनासिक,8.4.45,,
1811,प्,ट्,प्ट्,चर्त्व,8.4.55,,
1812,प्,ठ्,प्ठ्,चर्त्व,8.4.55,,
1813,प्,ड्,ब्ड्,जश्त्व,8.4.53,,
1814,प्,ढ्,ब्ढ्,जश्त्व,8.4.53,,
1815,प्,ण्,ब्ण्,जश्त्व,8.2.39,,
1816,प्,ण्,म्ण्,अनुनासिक,8.4.45,,
1817,प्,त्,प्त्,चर्त्व,8.4.55,,
1818,प्,थ्,प्थ्,चर्त्व,8.4.55,,
1819,प्,द्,ब्द्,जश्त्व,8.4.53,,
1820,प्,ध्,ब्ध्,जश्त्व,8.4.53,,
1821,प्,न्,ब्न्,जश्त्व,8.2.39,,
1822,प्,न्,म्न्,अनुनासिक,8.4.45,,
1823,प्,प्,प्प्,चर्त्व,8.4.55,,
1824,प्,फ्,प्फ्,चर्त्व,8.4.55,,
1825,प्,ब्,ब्ब्,जश्त्व,8.4.53,,
1826,प्,भ्,ब्भ्,जश्त्व,8.4.53,,
1827,प्,म्,ब्म्,जश्त्व,,,
1828,प्,म्,म्म्,अनुनासिक,,,
1829,प्,य्,ब्य्,जश्त्व,8.2.39,,
1830,प्,र्,ब्र्,जश्त्व,8.2.39,,
1831,प्,ल्,ब्ल्,जश्त्व,8.2.39,,
1832,प्,व्,ब्व्,जश्त्व,8.2.39,,
1833,प्,श्,प्श्,चर्त्व,8.4.55,,
1834,प्,ष्,प्ष्,चर्त्व,8.4.55,,
1835,प्,स्,प्स्,चर्त्व,8.4.55,,
1836,प्,ह्,ब्ह्,जश्त्व,8.2.39,,
1837,प्,ह्,ब्भ्,पूर्वसवर्ण,8.4.62,,
1838,फ्,अ,ब,जश्त्व,8.2.39,,
1839,फ्,आ,बा,जश्त्व,8.2.39,,
1840,फ्,इ,बि,जश्त्व,8.2.39,,
1841,फ्,ई,बी,जश्त्व,8.2.39,,
1842,फ्,उ,बु,जश्त्व,8.2.39,,
1843,फ्,ऊ,बू,जश्त्व,8.2.39,,
1844,फ्,ऋ,बृ,जश्त्व,8.2.39,,
1845,फ्,़,ब़्,जश्त्व,8.2.39,,
1846,फ्,ऌ,बॢ,जश्त्व,8.2.39,,
1847,फ्,ए,बे,जश्त्व,8.2.39,,
1848,फ्,ऐ,बै,जश्त्व,8.2.39,,
1849,फ्,ओ,बो,जश्त्व,8.2.39,,
1850,फ्,औ,बौ,जश्त्व,8.2.39,,
1851,फ्,क्,प्क्,चर्त्व,8.4.55,,
1852,फ्,ख्,प्ख्,चर्त्व,8.4.55,,
1853,फ्,ग्,ब्ग्,जश्त्व,8.4.53,,
1854,फ्,घ्,ब्घ्,जश्त्व,8.4.53,,
1855,फ्,ङ्,ब्ङ्,जश्त्व,8.2.39,,
1856,फ्,ङ्,म्ङ्,अनुनासिक,8.4.45,,
1857,फ्,च्,प्च्,चर्त्व,8.4.55,,
1858,फ्,छ्,प्छ्,चर्त्व,8.4.55,,
1859,फ्,ज्,ब्ज्,जश्त्व,8.4.53,,
1860,फ्,झ्,ब्झ्,जश्त्व,8.4.53,,
1861,फ्,ञ्,ब्ञ्,जश्त्व,8.2.39,,
1862,फ्,ञ्,म्ञ्,अनुनासिक,8.4.45,,
1863,फ्,ट्,प्ट्,चर्त्व,8.4.55,,
1864,फ्,ठ्,प्ठ्,चर्त्व,8.4.55,,
1865,फ्,ड्,ब्ड्,जश्त्व,8.4.53,,
1866,फ्,ढ्,ब्ढ्,जश्त्व,8.4.53,,
1867,फ्,ण्,ब्ण्,जश्त्व,8.2.39,,
1868,फ्,ण्,म्ण्,अनुनासिक,8.4.45,,
1869,फ्,त्,प्त्,चर्त्व,8.4.55,,
1870,फ्,थ्,प्थ्,चर्त्व,8.4.55,,
1871,फ्,द्,ब्द्,जश्त्व,8.4.53,,
1872,फ्,ध्,ब्ध्,जश्त्व,8.4.53,,
1873,फ्,न्,ब्न्,जश्त्व,8.2.39,,
1874,फ्,न्,म्न्,अनुनासिक,8.4.45,,
1875,फ्,प्,प्प्,चर्त्व,8.4.55,,
1876,फ्,फ्,प्फ्,चर्त्व,8.4.55,,
1877,फ्,ब्,ब्ब्,जश्त्व,8.4.53,,
1878,फ्,भ्,ब्भ्,जश्त्व,8.4.53,,
1879,फ्,म्,ब्म्,जश्त्व,8.2.39,,
1880,फ्,म्,म्म्,अनुनासिक,8.4.45,,
1881,फ्,य्,ब्य्,जश्त्व,8.2.39,,
1882,फ्,र्,ब्र्,जश्त्व,8.2.39,,
1883,फ्,ल्,ब्ल्,जश्त्व,8.2.39,,
1884,फ्,व्,ब्व्,जश्त्व,8.2.39,,
1885,फ्,श्,प्श्,चर्त्व,8.4.55,,
1886,फ्,ष्,प्ष्,चर्त्व,8.4.55,,
1887,फ्,स्,प्स्,चर्त्व,8.4.55,,
1888,फ्,ह्,ब्ह्,जश्त्व,8.2.39,,
1889,फ्,ह्,ब्भ्,पूर्वसवर्ण,8.4.62,,
1890,ब्,अ,ब,जश्त्व,8.2.39,,
1891,ब्,आ,बा,जश्त्व,8.2.39,,
1892,ब्,इ,बि,जश्त्व,8.2.39,,
1893,ब्,ई,बी,जश्त्व,8.2.39,,
1894,ब्,उ,बु,जश्त्व,8.2.39,,
1895,ब्,ऊ,बू,जश्त्व,8.2.39,,
1896,ब्,ऋ,बृ,जश्त्व,8.2.39,,
1897,ब्,़,ब़्,जश्त्व,8.2.39,,
1898,ब्,ऌ,बॢ,जश्त्व,8.2.39,,
1899,ब्,ए,बे,जश्त्व,8.2.39,,
1900,ब्,ऐ,बै,जश्त्व,8.2.39,,
1901,ब्,ओ,बो,जश्त्व,8.2.39,,
1902,ब्,औ,बौ,जश्त्व,8.2.39,,
1903,ब्,क्,प्क्,चर्त्व,8.4.55,,
1904,ब्,ख्,प्ख्,चर्त्व,8.4.55,,
1905,ब्,ग्,ब्ग्,जश्त्व,8.4.53,,
1906,ब्,घ्,ब्घ्,जश्त्व,8.4.53,,
1907,ब्,ङ्,ब्ङ्,जश्त्व,8.2.39,,
1908,ब्,ङ्,म्ङ्,अनुनासिक,8.4.45,,
1909,ब्,च्,प्च्,चर्त्व,8.4.55,,
1910,ब्,छ्,प्छ्,चर्त्व,8.4.55,,
1911,ब्,ज्,ब्ज्,जश्त्व,8.4.53,,
1912,ब्,झ्,ब्झ्,जश्त्व,8.4.53,,
1913,ब्,ञ्,ब्ञ्,जश्त्व,8.2.39,,
1914,ब्,ञ्,म्ञ्,अनुनासिक,8.4.45,,
1915,ब्,ट्,प्ट्,चर्त्व,8.4.55,,
1916,ब्,ठ्,प्ठ्,चर्त्व,8.4.55,,
1917,ब्,ड्,ब्ड्,जश्त्व,8.4.53,,
1918,ब्,ढ्,ब्ढ्,जश्त्व,8.4.53,,
1919,ब्,ण्,ब्ण्,जश्त्व,8.2.39,,
1920,ब्,ण्,म्ण्,अनुनासिक,8.4.45,,
1921,ब्,त्,प्त्,चर्त्व,8.4.55,,
1922,ब्,थ्,प्थ्,चर्त्व,8.4.55,,
1923,ब्,द्,ब्द्,जश्त्व,8.4.53,,
1924,ब्,ध्,ब्ध्,जश्त्व,8.4.53,,
1925,ब्,न्,ब्न्,जश्त्व,8.2.39,,
1926,ब्,न्,म्न्,अनुनासिक,8.4.45,,
1927,ब्,प्,प्प्,चर्त्व,8.4.55,,
1928,ब्,फ्,प्फ्,चर्त्व,8.4.55,,
1929,ब्,ब्,ब्ब्,जश्त्व,8.4.53,,
1930,ब्,भ्,ब्भ्,जश्त्व,8.4.53,,
1931,ब्,म्,ब्म्,जश्त्व,8.2.39,,
1932,ब्,म्,म्म्,अनुनासिक,8.4.45,,
1933,ब्,य्,ब्य्,जश्त्व,8.2.39,,
1934,ब्,र्,ब्र्,जश्त्व,8.2.39,,
1935,ब्,ल्,ब्ल्,जश्त्व,8.2.39,,
1936,ब्,व्,ब्व्,जश्त्व,8.2.39,,
1937,ब्,श्,प्श्,चर्त्व,8.4.55,,
1938,ब्,ष्,प्ष्,चर्त्व,8.4.55,,
1939,ब्,स्,प्स्,चर्त्व,8.4.55,,
1940,ब्,ह्,ब्भ्,पूर्वसवर्ण,8.4.62,,
1941,ब्,ह्,ब्ह्,जश्त्व,8.2.39,,
1942,भ्,अ,ब,जश्त्व,8.2.39,,
1943,भ्,आ,बा,जश्त्व,8.2.39,,
1944,भ्,इ,बि,जश्त्व,8.2.39,,
1945,भ्,ई,बी,जश्त्व,8.2.39,,
1946,भ्,उ,बु,जश्त्व,8.2.39,,
1947,भ्,ऊ,बू,जश्त्व,8.2.39,,
1948,भ्,ऋ,बृ,जश्त्व,8.2.39,,
1949,भ्,़,ब़्,जश्त्व,8.2.39,,
1950,भ्,ऌ,बॢ,जश्त्व,8.2.39,,
1951,भ्,ए,बे,जश्त्व,8.2.39,,
1952,भ्,ऐ,बै,जश्त्व,8.2.39,,
1953,भ्,ओ,बो,जश्त्व,8.2.39,,
1954,भ्,औ,बौ,जश्त्व,8.2.39,,
1955,भ्,क्,प्क्,चर्त्व,8.4.55,,
1956,भ्,ख्,प्ख्,चर्त्व,8.4.55,,
1957,भ्,ग्,ब्ग्,जश्त्व,8.4.53,,
1958,भ्,घ्,ब्घ्,जश्त्व,8.4.53,,
1959,भ्,ङ्,ब्ङ्,जश्त्व,8.2.39,,
1960,भ्,ङ्,म्ङ्,अनुनासिक,8.4.45,,
1961,भ्,च्,प्च्,चर्त्व,8.4.55,,
1962,भ्,छ्,प्छ्,चर्त्व,8.4.55,,
1963,भ्,ज्,ब्ज्,जश्त्व,8.4.53,,
1964,भ्,झ्,ब्झ्,जश्त्व,8.4.53,,
1965,भ्,ञ्,ब्ञ्,जश्त्व,8.2.39,,
1966,भ्,ञ्,म्ञ्,अनुनसिक,8.4.45,,
1967,भ्,ट्,प्ट्,चर्त्व,8.4.55,,
1968,भ्,ठ्,प्ठ्,चर्त्व,8.4.55,,
1969,भ्,ड्,ब्ड्,जस्त्व,8.4.53,,
1970,भ्,ढ्,ब्ढ्,जस्त्व,8.4.53,,
1971,भ्,ण्,ब्ण्,जस्त्व,8.2.39,,
1972,भ्,ण्,म्ण्,अनुनसिक,8.4.45,,
1973,भ्,त्,प्त्,चर्त्व,8.4.55,,
1974,भ्,थ्,प्थ्,चर्त्व,8.4.55,,
1975,भ्,द्,ब्द्,जस्त्व,8.4.53,,
1976,भ्,ध्,ब्ध्,जस्त्व,8.4.53,,
1977,भ्,न्,ब्न्,जस्त्व,8.2.39,,
1978,भ्,न्,म्न्,अनुनसिक,8.4.45,,
1979,भ्,प्,प्प्,चर्त्व,8.4.55,,
1980,भ्,फ्,प्फ्,चर्त्व,8.4.55,,
1981,भ्,ब्,ब्ब्,जस्त्व,8.4.53,,
1982,भ्,भ्,ब्भ्,जस्त्व,8.4.53,,
1983,भ्,म्,ब्म्,जस्त्व,8.2.39,,
1984,भ्,म्,म्म्,अनुनसिक,8.4.45,,
1985,भ्,य्,ब्य्,जस्त्व,8.2.39,,
1986,भ्,र्,ब्र्,जस्त्व,8.2.39,,
1987,भ्,ल्,ब्ल्,जस्त्व,8.2.39,,
1988,भ्,व्,ब्व्,जस्त्व,8.2.39,,
1989,भ्,श्,प्श्,चर्त्व,8.4.55,,
1990,भ्,ष्,प्ष्,चर्त्व,8.4.55,,
1991,भ्,स्,प्स्,चर्त्व,8.4.55,,
1992,भ्,ह्,ब्ह्,जस्त्व,8.2.39,,
1993,भ्,ह्,ब्ब्,पूर्वसवर्न,8.4.62,,
1994,म्,अ,म,वर्णमेलन,,,
1995,म्,आ,मा,वर्णमेलन,,,
1996,म्,इ,मि,वर्णमेलन,,,
1997,म्,ई,मी,वर्णमेलन,,,
1998,म्,उ,मु,वर्णमेलन,,,
1999,म्,ऊ,मू,वर्णमेलन,,,
2000,म्,ऋ,मृ,वर्णमेलन,,,
2001,म्,़,म़्,वर्णमेलन,,,
2002,म्,ऌ,मॢ,वर्णमेलन,,,
2003,म्,ए,मे,वर्णमेलन,,,
2004,म्,ऐ,मै,वर्णमेलन,,,
2005,म्,ओ,मो,वर्णमेलन,,,
2006,म्,औ,मौ,वर्णमेलन,,,
2007,ं,अ,ंअ,वर्णमेलन,,,
2008,ं,आ,ंआ,वर्णमेलन,,,
2009,ं,इ,ंइ,वर्णमेलन,,,
2010,ं,ई,ंई,वर्णमेलन,,,
2011,ं,उ,ंउ,वर्णमेलन,,,
2012,ं,ऊ,ंऊ,वर्णमेलन,,,
2013,ं,ऋ,ंऋ,वर्णमेलन,,,
2014,ं,़,ं़,वर्णमेलन,,,
2015,ं,ऌ,ंऌ,वर्णमेलन,,,
2016,ं,ए,ंए,वर्णमेलन,,,
2017,ं,ऐ,ंऐ,वर्णमेलन,,,
2018,ं,ओ,ंओ,वर्णमेलन,,,
2019,ं,औ,ंऔ,वर्णमेलन,,,
2020,ं,क्,ङ्क्,परसवर्ण,8.4.58,,
2021,ं,ख्,ङ्ख्,परसवर्ण,8.4.58,,
2022,ं,ग्,ङ्ग्,परसवर्ण,8.4.58,,
2023,ं,घ्,ङ्घ्,परसवर्ण,8.4.58,,
2024,ं,ङ्,ङ्ङ्,परसवर्ण,8.4.58,,
2025,ं,च्,ञ्च्,परसवर्ण,8.4.58,,
2026,ं,छ्,ञ्छ्,परसवर्ण,8.4.58,,
2027,ं,ज्,ञ्ज्,परसवर्ण,8.4.58,,
2028,ं,झ्,ञ्झ्,परसवर्ण,8.4.58,,
2029,ं,ञ्,ञ्ञ्,परसवर्ण,8.4.58,,
2030,ं,ट्,ण्ट्,परसवर्ण,8.4.58,,
2031,ं,ठ्,ण्ठ्,परसवर्ण,8.4.58,,
2032,ं,ड्,ण्ड्,परसवर्ण,8.4.58,,
2033,ं,ढ्,ण्ढ्,परसवर्ण,8.4.58,,
2034,ं,ण्,ण्ण्,परसवर्ण,8.4.58,,
2035,ं,त्,न्त्,परसवर्ण,8.4.58,,
2036,ं,थ्,न्थ्,परसवर्ण,8.4.58,,
2037,ं,द्,न्द्,परसवर्ण,8.4.58,,
2038,ं,ध्,न्ध्,परसवर्ण,8.4.58,,
2039,ं,न्,न्न्,परसवर्ण,8.4.58,,
2040,ं,प्,म्प्,परसवर्ण,8.4.58,,
2041,ं,फ्,म्फ्,परसवर्ण,8.4.58,,
2042,ं,ब्,म्ब्,परसवर्ण,8.4.58,,
2043,ं,भ्,म्भ्,परसवर्ण,8.4.58,,
2044,ं,म्,म्म्,परसवर्ण,8.4.58,,
2045,ं,य्,ंय्,वर्णमेलन,,,
2046,ं,र्,ंर्,वर्णमेलन,,,
2047,ं,ल्,ंल्,वर्णमेलन,,,
2048,ं,व्,ंव्,वर्णमेलन,,,
2049,ं,श्,ंश्,वर्णमेलन,,,
2050,ं,ष्,ंष्,वर्णमेलन,,,
2051,ं,स्,ंस्,वर्णमेलन,,,
2052,ं,ह्,ंह्,वर्णमेलन,,,
2053,य्,अ,य,वर्णमेलन,,,
2054,य्,आ,या,वर्णमेलन,,,
2055,य्,इ,यि,वर्णमेलन,,,
2056,य्,ई,यी,वर्णमेलन,,,
2057,य्,उ,यु,वर्णमेलन,,,
2058,य्,ऊ,यू,वर्णमेलन,,,
2059,य्,ऋ,यृ,वर्णमेलन,,,
2060,य्,़,य़्,वर्णमेलन,,,
2061,य्,ऌ,यॢ,वर्णमेलन,,,
2062,य्,ए,ये,वर्णमेलन,,,
2063,य्,ऐ,यै,वर्णमेलन,,,
2064,य्,ओ,यो,वर्णमेलन,,,
2065,य्,औ,यौ,वर्णमेलन,,,
2066,य्,क्,य्क्,वर्णमेलन,,,
2067,य्,ख्,य्ख्,वर्णमेलन,,,
2068,य्,ग्,य्ग्,वर्णमेलन,,,
2069,य्,घ्,य्घ्,वर्णमेलन,,,
2070,य्,ङ्,य्ङ्,वर्णमेलन,,,
2071,य्,च्,य्च्,वर्णमेलन,,,
2072,य्,छ्,य्छ्,वर्णमेलन,,,
2073,य्,ज्,य्ज्,वर्णमेलन,,,
2074,य्,झ्,य्झ्,वर्णमेलन,,,
2075,य्,ञ्,य्ञ्,वर्णमेलन,,,
2076,य्,ट्,य्ट्,वर्णमेलन,,,
2077,य्,ठ्,य्ठ्,वर्णमेलन,,,
2078,य्,ड्,य्ड्,वर्णमेलन,,,
2079,य्,ढ्,य्ढ्,वर्णमेलन,,,
2080,य्,न्,य्न्,वर्णमेलन,,,
2081,य्,त्,य्त्,वर्णमेलन,,,
2082,य्,थ्,य्थ्,वर्णमेलन,,,
2083,य्,द्,य्द्,वर्णमेलन,,,
2084,य्,ध्,य्ध्,वर्णमेलन,,,
2085,य्,न्,य्न्,वर्णमेलन,,,
2086,य्,प्,य्प्,वर्णमेलन,,,
2087,य्,फ्,य्फ्,वर्णमेलन,,,
2088,य्,ब्,य्ब्,वर्णमेलन,,,
2089,य्,भ्,य्भ्,वर्णमेलन,,,
2090,य्,म्,य्म्,वर्णमेलन,,,
2091,य्,य्,य्य्,वर्णमेलन,,,
2092,य्,र्,य्र्,वर्णमेलन,,,
2093,य्,ल्,य्ल्,वर्णमेलन,,,
2094,य्,व्,य्व्,वर्णमेलन,,,
2095,य्,श्,य्श्,वर्णमेलन,,,
2096,य्,ष्,य्ष्,वर्णमेलन,,,
2097,य्,स्,य्स्,वर्णमेलन,,,
2098,य्,ह्,य्ह्,वर्णमेलन,,,
2099,अर्,र्,आ र्,रेफलोप -> दीर्घः,8.3.14; 6.3.111,,
2100,उर्,र्,ऊ र्,रेफलोप -> दीर्घः,8.3.14; 6.3.111,,
2101,इर्,र्,ई र्,रेफलोप -> दीर्घः,8.3.14; 6.3.111,,
2102,आर्,र्,आ र्,रेफलोप -> दीर्घः,8.3.14; 6.3.111,,
2103,ऊर्,र्,ऊ र्,रेफलोप -> दीर्घः,8.3.14; 6.3.111,,
2104,ईर्,र्,ई र्,रेफलोप -> दीर्घः,8.3.14; 6.3.111,,
2105,ल्,अ,ल,वर्णमेलन,,,
2106,ल्,आ,ला,वर्णमेलन,,,
2107,ल्,इ,लि,वर्णमेलन,,,
2108,ल्,ई,ली,वर्णमेलन,,,
2109,ल्,उ,लु,वर्णमेलन,,,
2110,ल्,ऊ,लू,वर्णमेलन,,,
2111,ल्,ऋ,लृ,वर्णमेलन,,,
2112,ल्,़,ल़्,वर्णमेलन,,,
2113,ल्,ऌ,लॢ,वर्णमेलन,,,
2114,ल्,ए,ले,वर्णमेलन,,,
2115,ल्,ऐ,लै,वर्णमेलन,,,
2116,ल्,ओ,लो,वर्णमेलन,,,
2117,ल्,औ,लौ,वर्णमेलन,,,
2118,ल्,क्,ल्क्,वर्णमेलन,,,
2119,ल्,ख्,ल्ख्,वर्णमेलन,,,
2120,ल्,ग्,ल्ग्,वर्णमेलन,,,
2121,ल्,घ्,ल्घ्,वर्णमेलन,,,
2122,ल्,ङ्,ल्ङ्,वर्णमेलन,,,
2123,ल्,च्,ल्च्,वर्णमेलन,,,
2124,ल्,छ्,ल्छ्,वर्णमेलन,,,
2125,ल्,ज्,ल्ज्,वर्णमेलन,,,
2126,ल्,झ्,ल्झ्,वर्णमेलन,,,
2127,ल्,ञ्,ल्ञ्,वर्णमेलन,,,
2128,ल्,ट्,ल्ट्,वर्णमेलन,,,
2129,ल्,ठ्,ल्ठ्,वर्णमेलन,,,
2130,ल्,ड्,ल्ड्,वर्णमेलन,,,
2131,ल्,ढ्,ल्ढ्,वर्णमेलन,,,
2132,ल्,ण्,ल्ण्,वर्णमेलन,,,
2133,ल्,त्,ल्त्,वर्णमेलन,,,
2134,ल्,थ्,ल्थ्,वर्णमेलन,,,
2135,ल्,द्,ल्द्,वर्णमेलन,,,
2136,ल्,ध्,ल्ध्,वर्णमेलन,,,
2137,ल्,न्,ल्न्,वर्णमेलन,,,
2138,ल्,प्,ल्प्,वर्णमेलन,,,
2139,ल्,फ्,ल्फ्,वर्णमेलन,,,
2140,ल्,ब्,ल्ब्,वर्णमेलन,,,
2141,ल्,भ्,ल्भ्,वर्णमेलन,,,
2142,ल्,म्,ल्म्,वर्णमेलन,,,
2143,ल्,य्,ल्य्,वर्णमेलन,,,
2144,ल्,र्,ल्र्,वर्णमेलन,,,
2145,ल्,ल्,ल्ल्,वर्णमेलन,,,
2146,ल्,व्,ल्व्,वर्णमेलन,,,
2147,ल्,श्,ल्श्,वर्णमेलन,,,
2148,ल्,ष्,ल्ष्,वर्णमेलन,,,
2149,ल्,स्,ल्स्,वर्णमेलन,,,
2150,ल्,ह्,ल्ह्,वर्णमेलन,,,
2151,व्,अ,व,वर्णमेलन,,,
2152,व्,आ,वा,वर्णमेलन,,,
2153,व्,इ,वि,वर्णमेलन,,,
2154,व्,ई,वी,वर्णमेलन,,,
2155,व्,उ,वु,वर्णमेलन,,,
2156,व्,ऊ,वू,वर्णमेलन,,,
2157,व्,ऋ,वृ,वर्णमेलन,,,
2158,व्,़,व़्,वर्णमेलन,,,
2159,व्,ऌ,वॢ,वर्णमेलन,,,
2160,व्,ए,वे,वर्णमेलन,,,
2161,व्,ऐ,वै,वर्णमेलन,,,
2162,व्,ओ,वो,वर्णमेलन,,,
2163,व्,औ,वौ,वर्णमेलन,,,
2164,व्,क्,व्क्,वर्णमेलन,,,
2165,व्,ख्,व्ख्,वर्णमेलन,,,
2166,व्,ग्,व्ग्,वर्णमेलन,,,
2167,व्,घ्,व्घ्,वर्णमेलन,,,
2168,व्,ङ्,व्ङ्,वर्णमेलन,,,
2169,व्,च्,व्च्,वर्णमेलन,,,
2170,व्,छ्,व्छ्,वर्णमेलन,,,
2171,व्,ज्,व्ज्,वर्णमेलन,,,
2172,व्,झ्,व्झ्,वर्णमेलन,,,
2173,व्,ञ्,व्ञ्,वर्णमेलन,,,
2174,व्,ट्,व्ट्,वर्णमेलन,,,
2175,व्,ठ्,व्ठ्,वर्णमेलन,,,
2176,व्,ड्,व्ड्,वर्णमेलन,,,
2177,व्,ढ्,व्ढ्,वर्णमेलन,,,
2178,व्,ण्,व्ण्,वर्णमेलन,,,
2179,व्,त्,व्त्,वर्णमेलन,,,
2180,व्,थ्,व्थ्,वर्णमेलन,,,
2181,व्,द्,व्द्,वर्णमेलन,,,
2182,व्,ध्,व्ध्,वर्णमेलन,,,
2183,व्,न्,व्न्,वर्णमेलन,,,
2184,व्,प्,व्प्,वर्णमेलन,,,
2185,व्,फ्,व्फ्,वर्णमेलन,,,
2186,व्,ब्,व्ब्,वर्णमेलन,,,
2187,व्,भ्,व्भ्,वर्णमेलन,,,
2188,व्,म्,व्म्,वर्णमेलन,,,
2189,व्,य्,व्य्,वर्णमेलन,,,
2190,व्,र्,व्र्,वर्णमेलन,,,
2191,व्,ल्,व्ल्,वर्णमेलन,,,
2192,व्,व्,व्व्,वर्णमेलन,,,
2193,व्,श्,व्श्,वर्णमेलन,,,
2194,व्,ष्,व्ष्,वर्णमेलन,,,
2195,व्,स्,व्स्,वर्णमेलन,,,
2196,व्,ह्,व्ह्,वर्णमेलन,,,
2197,श्,अ,ज,जश्त्व,8.2.39,,
2198,श्,आ,जा,जश्त्व,8.2.39,,
2199,श्,इ,जि,जश्त्व,8.2.39,,
2200,श्,ई,जी,जश्त्व,8.2.39,,
2201,श्,उ,जु,जश्त्व,8.2.39,,
2202,श्,ऊ,जू,जश्त्व,8.2.39,,
2203,श्,ऋ,जृ,जश्त्व,8.2.39,,
2204,श्,़,ज़्,जश्त्व,8.2.39,,
2205,श्,ऌ,जॢ,जश्त्व,8.2.39,,
2206,श्,ए,जे,जश्त्व,8.2.39,,
2207,श्,ऐ,जै,जश्त्व,8.2.39,,
2208,श्,ओ,जो,जश्त्व,8.2.39,,
2209,श्,औ,जौ,जश्त्व,8.2.39,,
2210,श्,क्,च्क्,जश्त्व -> चर्त्व,8.2.39; 8.4.55,,
2211,श्,ख्,च्ख्,जश्त्व -> चर्त्व,8.2.39; 8.4.55,,
2212,श्,ग्,ज्ग्,जश्त्व,8.4.53,,
2213,श्,घ्,ज्घ्,जश्त्व,8.4.53,,
2214,श्,ङ्,ज्ङ्,जश्त्व,8.2.39,,
2215,श्,च्,च्च्,जश्त्व -> चर्त्व,8.2.39; 8.4.55,,
2216,श्,छ्,च्छ्,जश्त्व -> चर्त्व,8.2.39; 8.4.55,,
2217,श्,ज्,ज्ज्,जश्त्व,8.4.53,,
2218,श्,झ्,ज्झ्,जश्त्व,8.4.53,,
2219,श्,ञ्,ज्ञ्,जश्त्व,8.2.39,,
2220,श्,ट्,च्ट्,जश्त्व -> चर्त्व,8.2.39; 8.4.55,,
2221,श्,ठ्,च्ठ्,जश्त्व -> चर्त्व,8.2.39; 8.4.55,,
2222,श्,ड्,ज्ड्,जश्त्व,8.4.53,,
2223,श्,ढ्,ज्ढ्,जश्त्व,8.4.53,,
2224,श्,ण्,ज्ण्,जश्त्व,8.2.39,,
2225,श्,ण्,ञ्ण्,अनुनासिक-यरोऽनुनासिकेऽनुनासिको वा (८।४।४५),,,
2226,श्,त्,च्त्,जश्त्व -> श्चुत्वनिषेधः-> चर्त्व,8.2.39; 8.4.40; 8.4.44; 8.4.55,,
2227,श्,थ्,च्थ्,जश्त्व -> श्चुत्वनिषेधः-> चर्त्व,8.2.39; 8.4.40; 8.4.44; 8.4.55,,
2228,श्,द्,ज्द्,जश्त्व -> श्चुत्वनिषेधः,8.2.39; 8.4.40; 8.4.44,,
2229,श्,ध्,ज्ध्,जश्त्व -> श्चुत्वनिषेधः,8.2.39; 8.4.40; 8.4.44,,
2230,श्,न्,ज्न्,जश्त्व -> श्चुत्वनिषेधः,8.2.39; 8.4.40; 8.4.44,,
2231,श्,न्,ञ्न्,अनुनासिक-यरोऽनुनासिकेऽनुनासिको वा (८।४।४५),,,
2232,श्,प्,च्प्,जश्त्व -> चर्त्व,8.2.39; 8.4.55,,
2233,श्,फ्,च्फ्,जश्त्व -> चर्त्व,8.2.39; 8.4.55,,
2234,श्,ब्,ज्ब्,जश्त्व,8.4.53,,
2235,श्,भ्,ज्भ्,जश्त्व,8.4.53,,
2236,श्,म्,ज्म्,जश्त्व,8.2.39,,
2237,श्,य्,ज्य्,जश्त्व,8.2.39,,
2238,श्,र्,ज्र्,जश्त्व,8.2.39,,
2239,श्,ल्,ज्ल्,जश्त्व,8.2.39,,
2240,श्,व्,ज्व्,जश्त्व,8.2.39,,
2241,श्,श्,ष्श्,जश्त्व,8.2.39,,
2242,श्,ष्,च्ष्,जश्त्व -> चर्त्व,8.2.39; 8.4.55,,
2243,श्,स्,च्स्,जश्त्व -> श्चुत्व-> चर्त्व,8.2.39; 8.4.40; 8.4.55,,
2244,श्,ह्,ज्ह्,जश्त्व,8.2.39,,
2245,श्,ह्,ज्झ्,पूर्वसवर्ण,8.4.62,,
2246,ष्,अ,ड,जश्त्व,8.2.39,,
2247,ष्,आ,डा,जश्त्व,8.2.39,,
2248,ष्,इ,डि,जश्त्व,8.2.39,,
2249,ष्,ई,डी,जश्त्व,8.2.39,,
2250,ष्,उ,डु,जश्त्व,8.2.39,,
2251,ष्,ऊ,डू,जश्त्व,8.2.39,,
2252,ष्,ऋ,डृ,जश्त्व,8.2.39,,
2253,ष्,़,ड़्,जश्त्व,8.2.39,,
2254,ष्,ऌ,डॢ,जश्त्व,8.2.39,,
2255,ष्,ए,डे,जश्त्व,8.2.39,,
2256,ष्,ऐ,डै,जश्त्व,8.2.39,,
2257,ष्,ओ,डो,जश्त्व,8.2.39,,
2258,ष्,औ,डौ,जश्त्व,8.2.39,,
2259,ष्,क्,ट्क्,जश्त्व -> चर्त्व,8.2.39; 8.4.55,,
2260,ष्,ख्,ट्ख्,जश्त्व -> चर्त्व,8.2.39; 8.4.55,,
2261,ष्,ग्,ड्ग्,जश्त्व,8.4.53,,
2262,ष्,घ्,ड्घ्,जश्त्व,8.4.53,,
2263,ष्,ङ्,ड्ङ्,जश्त्व,8.2.39,,
2264,ष्,च्,ट्च्,जश्त्व -> चर्त्व,8.2.39; 8.4.55,,
2265,ष्,छ्,ट्छ्,जश्त्व -> चर्त्व,8.2.39; 8.4.55,,
2266,ष्,ज्,ड्ज्,जश्त्व,8.4.53,,
2267,ष्,झ्,ड्झ्,जश्त्व,8.4.53,,
2268,ष्,ञ्,ड्ञ्,जश्त्व,8.2.39,,
2269,ष्,ट्,ट्ट्,जश्त्व -> चर्त्व,8.2.39; 8.4.55,,
2270,ष्,ठ्,ट्ठ्,जश्त्व -> चर्त्व,8.2.39; 8.4.55,,
2271,ष्,ड्,ड्ड्,जश्त्व,8.4.53,,
2272,ष्,ढ्,ड्ढ्,जश्त्व,8.4.53,,
2273,ष्,ण्,ड्ण्,जश्त्व,8.2.39,,
2274,ष्,ण्,ण्ण्,अनुनासिक-यरोऽनुनासिकेऽनुनासिको वा (८।४।४५),,,
2275,ष्,त्,ट्त्,जश्त्व -> ष्टुत्वनिषेधः-> चर्त्व,8.2.39; 8.4.41; 8.4.42; 8.4.55,,
2276,ष्,थ्,ट्थ्,जश्त्व -> ष्टुत्वनिषेधः-> चर्त्व,8.2.39; 8.4.41; 8.4.42; 8.4.55,,
2277,ष्,द्,ड्द्,जश्त्व -> ष्टुत्वनिषेधः,8.2.39; 8.4.41; 8.4.42,,
2278,ष्,ध्,ड्ध्,जश्त्व -> ष्टुत्वनिषेधः,8.2.39; 8.4.41; 8.4.42,,
2279,ष्,न्,ड्न्,जश्त्व -> ष्टुत्वनिषेधः,8.2.39; 8.4.41; 8.4.42,,
2280,ष्,न्,ण्न्,अनुनासिक,8.4.45,,
2281,ष्,प्,ट्प्,जश्त्व -> चर्त्व,8.2.39; 8.4.55,,
2282,ष्,फ्,ट्फ्,जश्त्व -> चर्त्व,8.2.39; 8.4.55,,
2283,ष्,ब्,ड्ब्,जश्त्व,8.4.53,,
2284,ष्,भ्,ड्भ्,जश्त्व,8.4.53,,
2285,ष्,म्,ड्म्,जश्त्व,8.2.39,,
2286,ष्,म्,ण्म्,अनुनासिक,8.4.45,,
2287,ष्,य्,ड्य्,जश्त्व,8.2.39,,
2288,ष्,र्,ड्र्,जश्त्व,8.2.39,,
2289,ष्,ल्,ड्ल्,जश्त्व,8.2.39,,
2290,ष्,व्,ड्व्,जश्त्व,8.2.39,,
2291,ष्,श्,ष्श्,जश्त्व,8.2.39,,
2292,ष्,ष्,ट्ष्,जश्त्व -> चर्त्व,8.2.39; 8.4.55,,
2293,ष्,स्,ट्स्,जश्त्व -> ष्टुत्वनिषेधः-> चर्त्व,8.2.39; 8.4.41; 8.4.42; 8.4.55,,
2294,ष्,ह्,ड्ढ्,जश्त्व,8.2.39,,
2295,ष्,ह्,ड्ह्,पूर्वसवर्ण,8.4.62,,
2296,स्,अ,ः अ,रुत्व -> विसर्ग,8.2.66; 8.3.15,,
2297,अस्,अ,ओऽ,रुत्व -> उत्व-> गुण-> पूर्वरुप,8.2.66; 6.1.113; 6.1.87; 6.1.109,,
2298,अस्,अं,ओंऽ,रुत्व -> उत्व-> गुण-> पूर्वरुप,8.2.66; 6.1.113; 6.1.87; 6.1.109,,
2299,स्,आ,ः आ,रुत्व -> विसर्ग,8.2.66,,
2300,स्,इ,ः इ,रुत्व -> विसर्ग,8.2.66; 8.3.15,,
2301,स्,ई,ः ई,रुत्व -> विसर्ग,8.2.66; 8.3.15,,
2302,स्,उ,ः उ,रुत्व -> विसर्ग,8.2.66; 8.3.15,,
2303,स्,ऊ,ः ऊ,रुत्व -> विसर्ग,8.2.66; 8.3.15,,
2304,स्,ऋ,ः ऋ,रुत्व -> विसर्ग,8.2.66; 8.3.15,,
2305,स्,़,ः ़,रुत्व -> विसर्ग,8.2.66; 8.3.15,,
2306,स्,ऌ,ः ऌ,रुत्व -> विसर्ग,8.2.66; 8.3.15,,
2307,स्,ए,ः ए,रुत्व -> विसर्ग,8.2.66; 8.3.15,,
2308,स्,ऐ,ः ऐ,रुत्व -> विसर्ग,8.2.66; 8.3.15,,
2309,स्,ओ,ः ओ,रुत्व -> विसर्ग,8.2.66; 8.3.15,,
2310,स्,औ,ः औ,रुत्व -> विसर्ग,8.2.66; 8.3.15,,
2311,स्,क्,ः क्,रुत्व -> विसर्ग,8.2.66; 8.3.15,,
2312,स्,ख्,ः ख्,रुत्व -> विसर्ग,8.2.66; 8.3.15,,
2313,स्,ग्,ः ग्,रुत्व -> विसर्ग,8.2.66; 8.3.15,,
2314,स्,ग्,र्ग्,रुत्व -> विसर्ग,,,
2315,स्,घ्,ः घ्,रुत्व -> विसर्ग,8.2.66; 8.3.15,,
2316,स्,घ्,र्घ्,रुत्व -> विसर्ग,,,
2317,स्,ङ्,ः ङ्,रुत्व -> विसर्ग,8.2.66; 8.3.15,,
2318,स्,ङ्,र् ङ्,रुत्व -> विसर्ग,,,
2319,स्,च्,श्च्,श्चुत्व,8.4.40,,
2320,स्,छ्,श्छ्,श्चुत्व,8.4.40,,
2321,स्,ज्,श्ज्,श्चुत्व,8.4.40,,
2322,स्,झ्,श्झ्,श्चुत्व,8.4.40,,
2323,स्,ञ्,श्ञ्,श्चुत्व,8.4.40,,
2324,स्,ट्,ष्ट्,ष्टुत्व,8.4.41,,
2325,स्,ठ्,ष्ठ्,ष्टुत्व,8.4.41,,
2326,स्,ड्,ष्ड्,ष्टुत्व,8.4.41,,
2327,स्,ढ्,ष्ढ्,ष्टुत्व,8.4.41,,
2328,स्,ण्,ष्ण्,ष्टुत्व,8.4.41,,
2329,स्,त्,ः त्,रुत्व -> विसर्ग,8.2.66; 8.3.15,,
2330,स्,थ्,ः थ्,रुत्व -> विसर्ग,8.2.66; 8.3.15,,
2331,स्,द्,ः द्,रुत्व -> विसर्ग,8.2.66; 8.3.15,,
2332,स्,द्,र्द्,रुत्व -> विसर्ग,,,
2333,स्,ध्,ः ध्,रुत्व -> विसर्ग,8.2.66; 8.3.15,,
2334,स्,ध्,र्ध्,रुत्व -> विसर्ग,,,
2335,स्,न्,ः न्,रुत्व -> विसर्ग,8.2.66; 8.3.15,,
2336,स्,न्,र्न्,रुत्व -> विसर्ग,,,
2337,स्,प्,ः प्,रुत्व -> विसर्ग,8.2.66; 8.3.15,,
2338,स्,फ्,ः फ्,रुत्व -> विसर्ग,8.2.66; 8.3.15,,
2339,स्,ब्,ः ब्,रुत्व -> विसर्ग,8.2.66; 8.3.15,,
2340,स्,ब्,र्ब्,रुत्व -> विसर्ग,,,
2341,स्,भ्,ः भ्,रुत्व -> विसर्ग,8.2.66; 8.3.15,,
2342,स्,भ्,र्भ्,रुत्व -> विसर्ग,,,
2343,स्,म्,ः म्,रुत्व -> विसर्ग,8.2.66; 8.3.15,,
2344,स्,म्,र्म्,रुत्व -> विसर्ग,,,
2345,स्,य्,ः य्,रुत्व -> विसर्ग,8.2.66; 8.3.15,,
2346,स्,य्,र्य्,रुत्व -> विसर्ग,,,
2347,स्,र्,ः र्,रुत्व -> विसर्ग,8.2.66; 8.3.15,,
2348,स्,र्,र्र्,रुत्व -> विसर्ग,,,
2349,स्,ल्,ः ल्,रुत्व -> विसर्ग,8.2.66; 8.3.15,,
2350,स्,ल्,र्ल्,रुत्व -> विसर्ग,,,
2351,स्,व्,ः व्,रुत्व -> विसर्ग,8.2.66; 8.3.15,,
2352,स्,व्,र्व्,रुत्व -> विसर्ग,,,
2353,स्,श्,श्श्,श्चुत्व,8.4.40,,
2354,स्,ष्,ष्ष्,ष्टुत्व,8.4.41,,
2355,स्,स्,ः स्,रुत्व -> विसर्ग,8.2.66; 8.3.15,,
2356,स्,ह्,ः ह्,रुत्व -> विसर्ग,8.2.66; 8.3.15,,
2357,स्,ह्,र्ह्,रुत्व -> विसर्ग,,,
2358,ह्,अ,ह,वर्णमेलन,,,
2359,ह्,आ,हा,वर्णमेलन,,,
2360,ह्,इ,हि,वर्णमेलन,,,
2361,ह्,ई,ही,वर्णमेलन,,,
2362,ह्,उ,हु,वर्णमेलन,,,
2363,ह्,ऊ,हू,वर्णमेलन,,,
2364,ह्,ऋ,हृ,वर्णमेलन,,,
2365,ह्,़,ह़्,वर्णमेलन,,,
2366,ह्,ऌ,हॢ,वर्णमेलन,,,
2367,ह्,ए,हे,वर्णमेलन,,,
2368,ह्,ऐ,है,वर्णमेलन,,,
2369,ह्,ओ,हो,वर्णमेलन,,,
2370,ह्,औ,हौ,वर्णमेलन,,,
2371,ह्,क्,ह्क्,वर्णमेलन,,,
2372,ह्,ख्,ह्ख्,वर्णमेलन,,,
2373,ह्,ग्,ह्ग्,वर्णमेलन,,,
2374,ह्,घ्,ह्घ्,वर्णमेलन,,,
2375,ह्,ङ्,ह्ङ्,वर्णमेलन,,,
2376,ह्,च्,ह्च्,वर्णमेलन,,,
2377,ह्,छ्,ह्छ्,वर्णमेलन,,,
2378,ह्,ज्,ह्ज्,वर्णमेलन,,,
2379,ह्,झ्,ह्झ्,वर्णमेलन,,,
2380,ह्,ञ्,ह्ञ्,वर्णमेलन,,,
2381,ह्,ट्,ह्ट्,वर्णमेलन,,,
2382,ह्,ठ्,ह्ठ्,वर्णमेलन,,,
2383,ह्,ड्,ह्ड्,वर्णमेलन,,,
2384,ह्,ढ्,ह्ढ्,वर्णमेलन,,,
2385,ह्,ण्,ह्ण्,वर्णमेलन,,,
2386,ह्,त्,ह्त्,वर्णमेलन,,,
2387,ह्,थ्,ह्थ्,वर्णमेलन,,,
2388,ह्,द्,ह्द्,वर्णमेलन,,,
2389,ह्,ध्,ह्ध्,वर्णमेलन,,,
2390,ह्,न्,ह्न्,वर्णमेलन,,,
2391,ह्,प्,ह्प्,वर्णमेलन,,,
2392,ह्,फ्,ह्फ्,वर्णमेलन,,,
2393,ह्,ब्,ह्ब्,वर्णमेलन,,,
2394,ह्,भ्,ह्भ्,वर्णमेलन,,,
2395,ह्,म्,ह्म्,वर्णमेलन,,,
2396,ह्,य्,ह्य्,वर्णमेलन,,,
2397,ह्,र्,ह्र्,वर्णमेलन,,,
2398,ह्,ल्,ह्ल्,वर्णमेलन,,,
2399,ह्,व्,ह्व्,वर्णमेलन,,,
2400,ह्,श्,ह्श्,वर्णमेलन,,,
2401,ह्,ष्,ह्ष्,वर्णमेलन,,,
2402,ह्,स्,ह्स्,वर्णमेलन,,,
2403,ह्,ह्,ह्ह्,वर्णमेलन,,,
2404,अः,अ,ओऽ,रुत्व -> उत्व-> गुण-> पूर्वरुप,8.2.66; 6.1.113; 6.1.87; 6.1.109,,
2405,अः,अं,ओंऽ,रुत्व -> उत्व-> गुण-> पूर्वरुप,8.2.66; 6.1.113; 6.1.87; 6.1.109,,
2406,अः,आ,अ आ,रुत्व -> यत्व-> लोप,8.2.66; 8.3.17; 8.3.19,,
2407,अः,आ,अया,रुत्व -> यत्व,8.2.66; 8.3.17,,
2408,अः,इ,अ इ,रुत्व -> यत्व-> लोप,8.2.66; 8.3.17; 8.3.19,,
2409,अः,इ,अयि,रुत्व -> यत्व,8.2.66; 8.3.17,,
2410,अः,ई,अ ई,रुत्व -> यत्व-> लोप,8.2.66; 8.3.17; 8.3.19,,
2411,अः,ई,अयी,रुत्व -> यत्व,8.2.66; 8.3.17,,
2412,अः,उ,अ उ,रुत्व -> यत्व-> लोप,8.2.66; 8.3.17; 8.3.19,,
2413,अः,उ,अयु,रुत्व -> यत्व,8.2.66; 8.3.17,,
2414,अः,ऊ,अ ऊ,रुत्व -> यत्व-> लोप,8.2.66; 8.3.17; 8.3.19,,
2415,अः,ऊ,अयू,रुत्व -> यत्व,8.2.66; 8.3.17,,
2416,अः,ऋ,अ ऋ,रुत्व -> यत्व-> लोप,8.2.66; 8.3.17; 8.3.19,,
2417,अः,ऋ,अयृ,रुत्व -> यत्व,8.2.66; 8.3.17,,
2418,अः,़,अ ़,रुत्व -> यत्व-> लोप,8.2.66; 8.3.17; 8.3.19,,
2419,अः,़,अय़्,रुत्व -> यत्व,8.2.66; 8.3.17,,
2420,अः,ऌ,अ ऌ,रुत्व -> यत्व-> लोप,8.2.66; 8.3.17; 8.3.19,,
2421,अः,ऌ,अयॢ,रुत्व -> यत्व,8.2.66; 8.3.17,,
2422,अः,ए,अ ए,रुत्व -> यत्व-> लोप,8.2.66; 8.3.17; 8.3.19,,
2423,अः,ए,अये,रुत्व -> यत्व,8.2.66; 8.3.17,,
2424,अः,ऐ,अ ऐ,रुत्व -> यत्व-> लोप,8.2.66; 8.3.17; 8.3.19,,
2425,अः,ऐ,अयै,रुत्व -> यत्व,8.2.66; 8.3.17,,
2426,अः,ओ,अ ओ,रुत्व -> यत्व-> लोप,8.2.66; 8.3.17; 8.3.19,,
2427,अः,ओ,अयो,रुत्व -> यत्व,8.2.66; 8.3.17,,
2428,अः,औ,अ औ,रुत्व -> यत्व-> लोप,8.2.66; 8.3.17; 8.3.19,,
2429,अः,औ,अयौ,रुत्व -> यत्व,8.2.66; 8.3.17,,
2430,अः,श्,अश्श्,सत्व -> श्चुत्व,8.3.34; 8.4.40,,
2431,अः,श्,अः श्,विसर्ग,8.3.36,,
2432,अः,ष्,अष्ष्,सत्व -> ष्टुत्व,8.3.34; 8.4.41,,
2433,अः,ष्,अः ष्,विसर्ग,8.3.36,,
2434,अः,स्,अस्स्,सत्व,8.3.34,,
2435,अः,स्,अः स्,विसर्ग,8.3.36,,
2436,आः,अ,आ अ,रुत्व -> यत्व-> लोप,8.2.66; 8.3.17; 8.3.19,,
2437,आः,अ,आय,रुत्व -> यत्व,8.2.66; 8.3.17,,
2438,आः,आ,आ आ,रुत्व -> यत्व-> लोप,8.2.66; 8.3.17; 8.3.19,,
2439,आः,आ,आया,रुत्व -> यत्व,8.2.66; 8.3.17,,
2440,आः,इ,आ इ,रुत्व -> यत्व-> लोप,8.2.66; 8.3.17; 8.3.19,,
2441,आः,इ,आयि,रुत्व -> यत्व,8.2.66; 8.3.17,,
2442,आः,ई,आ ई,रुत्व -> यत्व-> लोप,8.2.66; 8.3.17; 8.3.19,,
2443,आः,ई,आयी,रुत्व -> यत्व,8.2.66; 8.3.17,,
2444,आः,उ,आ उ,रुत्व -> यत्व-> लोप,8.2.66; 8.3.17; 8.3.19,,
2445,आः,उ,आयु,रुत्व -> यत्व,8.2.66; 8.3.17,,
2446,आः,ऊ,आ ऊ,रुत्व -> यत्व-> लोप,8.2.66; 8.3.17; 8.3.19,,
2447,आः,ऊ,आयू,रुत्व -> यत्व,8.2.66; 8.3.17,,
2448,आः,ऋ,आ ऋ,रुत्व -> यत्व-> लोप,8.2.66; 8.3.17; 8.3.19,,
2449,आः,ऋ,आयृ,रुत्व -> यत्व,8.2.66; 8.3.17,,
2450,आः,़,आ ़,रुत्व -> यत्व-> लोप,8.2.66; 8.3.17; 8.3.19,,
2451,आः,़,आय़्,रुत्व -> यत्व,8.2.66; 8.3.17,,
2452,आः,ऌ,आ ऌ,रुत्व -> यत्व-> लोप,8.2.66; 8.3.17; 8.3.19,,
2453,आः,ऌ,आयॢ,रुत्व -> यत्व,8.2.66; 8.3.17,,
2454,आः,ए,आ ए,रुत्व -> यत्व-> लोप,8.2.66; 8.3.17; 8.3.19,,
2455,आः,ए,आये,रुत्व -> यत्व,8.2.66; 8.3.17,,
2456,आः,ऐ,आ ऐ,रुत्व -> यत्व-> लोप,8.2.66; 8.3.17; 8.3.19,,
2457,आः,ऐ,आयै,रुत्व -> यत्व,8.2.66; 8.3.17,,
2458,आः,ओ,आ ओ,रुत्व -> यत्व-> लोप,8.2.66; 8.3.17; 8.3.19,,
2459,आः,ओ,आयो,रुत्व -> यत्व,8.2.66; 8.3.17,,
2460,आः,औ,आ औ,रुत्व -> यत्व-> लोप,8.2.66; 8.3.17; 8.3.19,,
2461,आः,औ,आयौ,रुत्व -> यत्व,8.2.66; 8.3.17,,
2462,आः,श्,आश्श्,सत्व -> श्चुत्व,8.3.34; 8.4.40,,
2463,आः,श्,आः श्,विसर्ग,8.3.36,,
2464,आः,ष्,आष्ष्,सत्व -> ष्टुत्व,8.3.34; 8.4.41,,
2465,आः,ष्,आः ष्,विसर्ग,8.3.36,,
2466,आः,स्,आस्स्,सत्व,8.3.34,,
2467,आः,स्,आः स्,विसर्ग,8.3.36,,
2468,इः,र्,ई र्,रेफः -> रेफलोप-> दीर्घः,8.2.66; 8.3.14; 6.3.111,,
2469,इः,श्,इश्श्,सत्व -> श्चुत्व,8.3.34; 8.4.40,,
2470,इः,श्,इः श्,विसर्गः,8.3.36,,
2471,इः,ष्,इष्ष्,सत्व -> ष्टुत्व,8.3.34; 8.4.41,,
2472,इः,ष्,इः ष्,विसर्ग,8.3.36,,
2473,इः,स्,इस्स्,सत्व,8.3.34,,
2474,इः,स्,इः स्,विसर्ग,8.3.36,,
2475,ईः,र्,ई र्,रेफः -> रेफलोप-> दीर्घः,8.2.66; 8.3.14; 6.3.111,,
2476,ईः,श्,ईश्श्,सत्व -> श्चुत्व,8.3.34; 8.4.40,,
2477,ईः,श्,ईः श्,विसर्ग,8.3.36,,
2478,ईः,ष्,ईष्ष्,सत्व -> ष्टुत्व,8.3.34; 8.4.41,,
2479,ईः,ष्,ईः ष्,विसर्ग,8.3.36,,
2480,ईः,स्,ईस्स्,सत्व,8.3.34,,
2481,ईः,स्,ईः स्,विसर्ग,8.3.36,,
2482,उः,र्,ऊ र्,रेफः -> रेफलोप-> दीर्घः,8.2.66; 8.3.14; 6.3.111,,
2483,उः,श्,उश्श्,सत्व -> श्चुत्व,8.3.34; 8.4.40,,
2484,उः,श्,उः श्,विसर्ग,8.3.36,,
2485,उः,ष्,उष्ष्,सत्व -> ष्टुत्व,8.3.34; 8.4.41,,
2486,उः,ष्,उः ष्,विसर्ग,8.3.36,,
2487,उः,स्,उस्स्,सत्व,8.3.34,,
2488,उः,स्,उः स्,विसर्ग,8.3.36,,
2489,ऊः,र्,ऊ र्,रेफः -> रेफलोप-> दीर्घः,8.2.66; 8.3.14; 6.3.111,,
2490,ऊः,श्,ऊश्श्,सत्व -> श्चुत्व,8.3.34; 8.4.40,,
2491,ऊः,श्,ऊः श्,विसर्ग,8.3.36,,
2492,ऊः,ष्,ऊष्ष्,सत्व -> ष्टुत्व,8.3.34; 8.4.41,,
2493,ऊः,ष्,ऊः ष्,विसर्ग,8.3.36,,
2494,ऊः,स्,ऊस्स्,सत्व,8.3.34,,
2495,ऊः,स्,ऊः स्,विसर्ग,8.3.36,,
2496,ऋः,र्,ऋर्र्,रेफः,8.2.66,,
2497,ऋः,श्,ऋश्श्,सत्व -> श्चुत्व,8.3.34; 8.4.40,,
2498,ऋः,श्,ऋः श्,विसर्ग,8.3.36,,
2499,ऋः,ष्,ऋष्ष्,सत्व -> ष्टुत्व,8.3.34; 8.4.41,,
2500,ऋः,ष्,ऋः ष्,विसर्ग,8.3.36,,
2501,ऋः,स्,ऋस्स्,सत्व,8.3.34,,
2502,ऋः,स्,ऋः स्,विसर्ग,8.3.36,,
2503,़ः,र्,़र्र्,रेफः,8.2.66,,
2504,़ः,श्,़श्श्,सत्व -> श्चुत्व,8.3.34; 8.4.40,,
2505,़ः,श्,़ः श्,विसर्ग,8.3.36,,
2506,़ः,ष्,़ष्ष्,सत्व -> ष्टुत्व,8.3.34; 8.4.41,,
2507,़ः,ष्,़ः ष्,विसर्ग,8.3.36,,
2508,़ः,स्,़स्स्,सत्व,8.3.34,,
2509,़ः,स्,़ः स्,विसर्ग,8.3.36,,
2510,़ः,ह्,़र्ह्,रेफः,8.2.66,,
2511,ऌः,र्,ऌर्र्,रेफः,8.2.66,,
2512,ऌः,श्,ऌश्श्,सत्व -> श्चुत्व,8.3.34; 8.4.40,,
2513,ऌः,श्,ऌः श्,विसर्ग,8.3.36,,
2514,ऌः,ष्,ऌष्ष्,सत्व -> ष्टुत्व,8.3.34; 8.4.41,,
2515,ऌः,ष्,ऌः ष्,विसर्ग,8.3.36,,
2516,ऌः,स्,ऌस्स्,सत्व,8.3.34,,
2517,ऌः,स्,ऌः स्,विसर्ग,8.3.36,,
2518,एः,र्,एर्र्,रेफः,8.2.66,,
2519,एः,श्,एश्श्,सत्व -> श्चुत्व,8.3.34; 8.4.40,,
2520,एः,श्,एः श्,विसर्ग,8.3.36,,
2521,एः,ष्,एष्ष्,सत्व -> ष्टुत्व,8.3.34; 8.4.41,,
2522,एः,ष्,एः ष्,विसर्ग,8.3.36,,
2523,एः,स्,एस्स्,सत्व,8.3.34,,
2524,एः,स्,एः स्,विसर्ग,8.3.36,,
2525,ओः,र्,ओर्र्,रेफः,8.2.66,,
2526,ओः,श्,ओश्श्,सत्व -> श्चुत्व,8.3.34; 8.4.40,,
2527,ओः,श्,ओः श्,विसर्ग,8.3.36,,
2528,ओः,ष्,ओष्ष्,सत्व -> ष्टुत्व,8.3.34; 8.4.41,,
2529,ओः,ष्,ओः ष्,विसर्ग,8.3.36,,
2530,ओः,स्,ओस्स्,सत्व,8.3.34,,
2531,ओः,स्,ओः स्,विसर्ग,8.3.36,,
2532,ऐः,र्,ऐर्र्,रेफः,8.2.66,,
2533,ऐः,श्,ऐश्श्,सत्व -> श्चुत्व,8.3.34; 8.4.40,,
2534,ऐः,श्,ऐः श्,विसर्ग,8.3.36,,
2535,ऐः,ष्,ऐष्ष्,सत्व -> ष्टुत्व,8.3.34; 8.4.41,,
2536,ऐः,ष्,ऐः ष्,विसर्ग,8.3.36,,
2537,ऐः,स्,ऐस्स्,सत्व,8.3.34,,
2538,ऐः,स्,ऐः स्,विसर्ग,8.3.36,,
2539,औः,र्,और्र्,रेफः,8.2.66,,
2540,औः,श्,औश्श्,सत्व -> श्चुत्व,8.3.34; 8.4.40,,
2541,औः,श्,औः श्,विसर्ग,8.3.36,,
2542,औः,ष्,औष्ष्,सत्व -> ष्टुत्व,8.3.34; 8.4.41,,
2543,औः,ष्,औः ष्,विसर्ग,8.3.36,,
2544,औः,स्,औस्स्,सत्व,8.3.34,,
2545,औः,स्,औः स्,विसर्ग,8.3.36,,
2546,ः,क्,><क्,जिह्वामूलीय,8.3.37,,
2547,ः,क्,ः क्,विसर्ग,8.3.37,,
2548,ः,ख्,><ख्,जिह्वामूलीय,8.3.37,,
2549,ः,ख्,ः ख्,विसर्ग,8.3.37,,
2550,ः,प्,><प्,उपध्मानीय,8.3.37,,
2551,ः,प्,ः प्,विसर्ग,8.3.37,,
2552,ः,फ्,><फ्,उपध्मानीय,8.3.37,,